,PE_TTM,DIVIDENDYIELD2
2018-11-21,17.68120002746582,1.8833
2018-11-22,17.749000549316406,1.8669
2018-11-23,17.62540054321289,1.8795
2018-11-26,17.906099319458008,1.8487
2018-11-27,18.00749969482422,1.8381
2018-11-28,18.40089988708496,1.7963
2018-11-29,18.25830078125,1.8101
2018-11-30,18.322200775146484,1.8035
2018-12-03,18.61359977722168,1.773
2018-12-04,18.7775993347168,1.762
2018-12-05,18.457199096679688,1.7901
2018-12-06,17.799400329589844,1.8571
2018-12-07,17.871599197387695,1.8442
2018-12-10,18.029699325561523,1.854
2018-12-11,18.109399795532227,1.8461
2018-12-12,18.373300552368164,1.8199
2018-12-13,18.55340003967285,1.803
2018-12-14,18.060699462890625,1.8552
2018-12-17,18.03499984741211,1.8597
2018-12-18,17.787099838256836,1.8871
2018-12-19,17.7893009185791,1.885
2018-12-20,17.672399520874023,1.8968
2018-12-21,17.91390037536621,1.8701
2018-12-24,17.746700286865234,1.8921
2018-12-25,17.746700286865234,1.8921
2018-12-26,17.746700286865234,1.8921
2018-12-27,17.614200592041016,1.9042
2018-12-28,17.66990089416504,1.8978
2019-01-02,17.4325008392334,1.9215
2019-01-03,17.259700775146484,1.9395
2019-01-04,17.629499435424805,1.8966
2019-01-07,17.914899826049805,1.8665
2019-01-08,17.964399337768555,1.866
2019-01-09,18.391300201416016,1.8169
2019-01-10,18.55299949645996,1.8006
2019-01-11,18.65749931335449,1.7912
2019-01-14,18.32229995727539,1.8234
2019-01-15,18.78660011291504,1.78
2019-01-16,18.865100860595703,1.7718
2019-01-17,18.778200149536133,1.7772
2019-01-18,19.09510040283203,1.748
2019-01-21,19.234899520874023,1.7363
2019-01-22,19.03689956665039,1.7563
2019-01-23,19.1289005279541,1.7537
2019-01-24,19.20039939880371,1.7471
2019-01-25,19.555700302124023,1.7139
2019-01-28,19.48040008544922,1.7194
2019-01-29,19.457300186157227,1.7196
2019-01-30,19.491899490356445,1.7151
2019-01-31,19.66370010375977,1.6999
2019-02-01,19.80820083618164,1.6861
2019-02-11,19.94339942932129,1.6754
2019-02-12,20.090599060058597,1.6654
2019-02-13,20.312400817871094,1.6542
2019-02-14,20.194599151611328,1.6663
2019-02-15,19.768699645996094,1.7011
2019-02-18,20.084800720214844,1.675
2019-02-19,19.81679916381836,1.6989
2019-02-20,20.01000022888184,1.6826
2019-02-21,20.05139923095703,1.6654
2019-02-22,20.3218994140625,1.6447
2019-02-25,20.28400039672852,1.653
2019-02-26,20.2539005279541,1.6558
2019-02-27,20.07859992980957,1.6696
2019-02-28,19.891000747680664,1.6856
2019-03-01,20.15970039367676,1.6638
2019-03-04,20.32349967956543,1.6446
2019-03-05,20.65410041809082,1.6149
2019-03-06,20.67449951171875,1.6132
2019-03-07,20.329099655151367,1.6387
2019-03-08,19.896499633789062,1.6737
2019-03-11,20.2947998046875,1.6354
2019-03-12,20.179000854492188,1.6136
2019-03-13,19.8567008972168,1.6242
2019-03-14,19.819700241088867,1.6269
2019-03-15,19.911699295043945,1.6178
2019-03-18,20.285499572753903,1.585
2019-03-19,19.75510025024414,1.5775
2019-03-20,19.82659912109375,1.5838
2019-03-21,19.971200942993164,1.6145
2019-03-22,20.0442008972168,1.6132
2019-03-25,19.653499603271484,1.6498
2019-03-26,19.69440078735352,1.656
2019-03-27,19.933300018310547,1.6475
2019-03-28,19.930299758911133,1.6489
2019-03-29,20.525299072265625,1.6309
2019-04-01,20.44729995727539,1.628
2019-04-02,20.5393009185791,1.6217
2019-04-03,20.94770050048828,1.5874
2019-04-04,20.90509986877441,1.5896
2019-04-08,21.022899627685547,1.577
2019-04-09,21.2731990814209,1.5613
2019-04-10,21.428300857543945,1.5486
2019-04-11,21.29030036926269,1.5561
2019-04-12,21.319000244140625,1.5539
2019-04-15,21.14240074157715,1.5688
2019-04-16,21.311199188232425,1.5555
2019-04-17,21.46430015563965,1.5466
2019-04-18,21.32749938964844,1.5569
2019-04-19,21.32749938964844,1.5569
2019-04-22,21.32749938964844,1.5569
2019-04-23,21.19409942626953,1.563
2019-04-24,21.127099990844727,1.5675
2019-04-25,20.686399459838867,1.6124
2019-04-26,20.75069999694824,1.6061
2019-04-29,20.907899856567383,1.5995
2019-04-30,20.79700088500977,1.608
2019-05-06,20.21190071105957,1.65
2019-05-07,20.350099563598636,1.6382
2019-05-08,20.230199813842773,1.646
2019-05-09,19.77869987487793,1.6835
2019-05-10,20.02910041809082,1.6638
2019-05-13,20.02910041809082,1.6566
2019-05-14,19.6643009185791,1.7228
2019-05-15,19.566600799560547,1.6852
2019-05-16,19.296199798583984,1.7521
2019-05-17,18.972400665283203,1.9013
2019-05-20,18.52829933166504,1.8256
2019-05-21,18.53059959411621,1.823
2019-05-22,18.488399505615234,1.8546
2019-05-23,17.95870018005371,1.9255
2019-05-24,18.03350067138672,1.9076
2019-05-27,17.99449920654297,1.8621
2019-05-28,18.105300903320312,1.8517
2019-05-29,17.968599319458008,1.8902
2019-05-30,18.00659942626953,1.8968
2019-05-31,17.952999114990234,1.8993
2019-06-03,18.24810028076172,1.7961
2019-06-04,18.010299682617188,1.8452
2019-06-05,18.11319923400879,1.8483
2019-06-06,18.10059928894043,1.8436
2019-06-10,18.468299865722656,1.7173
2019-06-11,18.57990074157715,1.716
2019-06-12,18.260400772094727,1.7366
2019-06-13,18.19860076904297,1.743
2019-06-14,17.977800369262695,1.8206
2019-06-17,17.981800079345703,1.8191
2019-06-18,18.15819931030273,1.7994
2019-06-19,18.654800415039062,1.7812
2019-06-20,18.935199737548828,1.7262
2019-06-21,18.929399490356445,1.7387
2019-06-24,18.92340087890625,1.7262
2019-06-25,18.671499252319336,1.7555
2019-06-26,18.726299285888672,1.7514
2019-06-27,18.97010040283203,1.7165
2019-06-28,18.94219970703125,1.7195
2019-07-01,18.94219970703125,1.7067
2019-07-02,19.37779998779297,1.6927
2019-07-03,19.29980087280273,1.7042
2019-07-04,19.268800735473636,1.7165
2019-07-05,19.20429992675781,1.7072
2019-07-08,18.82979965209961,1.7299
2019-07-09,18.75230026245117,1.7377
2019-07-10,18.96330070495605,1.7173
2019-07-11,18.98259925842285,1.718
2019-07-12,18.840200424194336,1.7362
2019-07-15,19.0585994720459,1.6923
2019-07-16,19.149999618530277,1.695
2019-07-17,19.172800064086918,1.693
2019-07-18,18.967199325561523,1.7129
2019-07-19,19.16189956665039,1.6948
2019-07-22,18.914600372314453,1.7171
2019-07-23,18.98500061035156,1.7109
2019-07-24,19.192800521850582,1.6966
2019-07-25,19.394500732421875,1.6776
2019-07-26,19.17970085144043,1.6917
2019-07-29,19.214099884033203,1.6887
2019-07-30,19.28849983215332,1.6817
2019-07-31,19.071800231933597,1.7008
2019-08-01,19.03890037536621,1.7025
2019-08-02,18.39119911193848,1.7635
2019-08-05,17.767200469970703,1.8275
2019-08-06,17.64579963684082,1.8917
2019-08-07,17.612499237060547,1.8891
2019-08-08,18.28009986877441,1.8674
2019-08-09,18.377500534057617,1.8704
2019-08-12,18.436199188232425,1.857
2019-08-13,18.097400665283203,1.8969
2019-08-14,17.984899520874023,1.861
2019-08-15,17.936500549316406,1.87
2019-08-16,17.899099349975586,1.8733
2019-08-19,18.424299240112305,1.8285
2019-08-20,18.556299209594727,1.8435
2019-08-21,18.70210075378418,1.8422
2019-08-22,18.63039970397949,1.8505
2019-08-23,18.841800689697266,1.8326
2019-08-26,18.49099922180176,1.8677
2019-08-27,18.47780036926269,1.8761
2019-08-28,18.26000022888184,1.8968
2019-08-29,18.279199600219727,2.318
2019-08-30,18.634899139404297,2.306
2019-09-02,18.79910087585449,1.7648
2019-09-03,18.672700881958008,1.7876
2019-09-04,19.124000549316406,1.7509
2019-09-05,19.24349975585937,1.7315
2019-09-06,19.373199462890625,1.7282
2019-09-09,19.61829948425293,1.741
2019-09-10,19.354900360107425,1.757
2019-09-11,19.501100540161133,1.7421
2019-09-12,19.652000427246094,1.7233
2019-09-16,19.65800094604492,1.7272
2019-09-17,19.41080093383789,1.7499
2019-09-18,19.43370056152344,1.7481
2019-09-19,19.283100128173828,1.762
2019-09-20,19.21980094909668,1.767
2019-09-23,19.07379913330078,1.7804
2019-09-24,19.105300903320312,1.7754
2019-09-25,18.74489974975586,1.8246
2019-09-26,18.816499710083008,1.816
2019-09-27,18.735700607299805,1.8121
2019-09-30,18.795900344848636,1.8057
2019-10-08,18.743900299072266,1.8349
2019-10-09,18.546899795532227,1.8331
2019-10-10,18.70599937438965,1.8173
2019-10-11,18.998899459838867,1.7882
2019-10-14,19.138399124145508,1.7742
2019-10-15,19.060300827026367,1.7799
2019-10-16,19.07710075378418,1.7776
2019-10-17,19.17329978942871,1.7694
2019-10-18,19.20639991760254,1.7666
2019-10-21,19.068700790405277,1.7802
2019-10-22,19.092500686645508,1.7775
2019-10-23,18.80649948120117,1.8068
2019-10-24,18.84469985961914,1.8024
2019-10-25,18.743600845336918,1.8063
2019-10-28,19.11199951171875,1.7581
2019-10-29,19.111299514770508,1.7676
2019-10-30,19.0442008972168,1.7765
2019-10-31,19.204099655151367,1.7604
2019-11-01,19.28219985961914,1.7547
2019-11-04,19.53569984436035,1.7293
2019-11-05,19.672399520874023,1.7161
2019-11-06,19.67650032043457,1.7151
2019-11-07,19.72769927978516,1.7098
2019-11-08,19.60020065307617,1.7249
2019-11-11,19.17609977722168,1.7609
2019-11-12,19.3164005279541,1.7431
2019-11-13,19.325300216674805,1.7634
2019-11-14,19.111499786376957,1.7824
2019-11-15,19.10890007019043,1.7833
2019-11-18,19.42020034790039,1.7535
2019-11-19,19.76259994506836,1.7217
2019-11-20,19.6653995513916,1.7297
2019-11-21,19.3523006439209,1.7625
2019-11-22,19.468599319458008,1.7421
2019-11-25,19.596799850463867,1.7303
2019-11-26,19.49650001525879,1.7391
2019-11-27,19.45039939880371,1.752
2019-11-28,19.492799758911133,1.7512
2019-11-29,19.087900161743164,1.7893
2019-12-02,19.133399963378903,1.7854
2019-12-03,19.160600662231445,1.7889
2019-12-04,19.0275993347168,1.8012
2019-12-05,19.196800231933597,1.7802
2019-12-06,19.41939926147461,1.754
2019-12-09,19.401199340820312,1.7564
2019-12-10,19.423999786376957,1.7585
2019-12-11,19.55430030822754,1.7617
2019-12-12,19.832199096679688,1.7319
2019-12-13,20.277000427246094,1.6744
2019-12-16,20.247699737548828,1.676
2019-12-17,20.62829971313477,1.645
2019-12-18,20.741600036621094,1.6349
2019-12-19,20.66900062561035,1.6405
2019-12-20,20.69409942626953,1.6375
2019-12-23,20.77300071716309,1.6303
2019-12-24,20.79330062866211,1.6291
2019-12-25,20.79330062866211,1.6291
2019-12-26,20.79330062866211,1.6291
2019-12-27,21.11639976501465,1.6038
2019-12-30,21.132299423217773,1.6033
2019-12-31,20.96789932250977,1.6174
2020-01-02,21.2189998626709,1.5972
2020-01-03,21.159400939941406,1.6013
2020-01-06,20.87190055847168,1.6236
2020-01-07,21.106800079345703,1.6035
2020-01-08,20.965900421142575,1.6138
2020-01-09,21.36590003967285,1.5825
2020-01-10,21.548099517822266,1.5684
2020-01-13,21.93429946899414,1.5411
2020-01-14,21.845800399780277,1.5491
2020-01-15,21.79980087280273,1.552
2020-01-16,21.92729949951172,1.5428
2020-01-17,22.022899627685547,1.5369
2020-01-20,22.078500747680664,1.5336
2020-01-21,21.455900192260746,1.5767
2020-01-22,21.899799346923828,1.544
2020-01-23,21.44969940185547,1.5763
2020-02-03,20.594900131225582,1.6375
2020-02-04,21.097299575805664,1.598
2020-02-05,21.221399307250977,1.5915
2020-02-06,21.73870086669922,1.5529
2020-02-07,21.7893009185791,1.5488
2020-02-10,21.737199783325195,1.5518
2020-02-11,21.918399810791016,1.5367
2020-02-12,22.118000030517575,1.524
2020-02-13,22.202800750732425,1.5163
2020-02-14,22.078100204467773,1.5246
2020-02-17,22.305700302124023,1.5111
2020-02-18,22.011499404907227,1.534
2020-02-19,22.184600830078125,1.5219
2020-02-20,22.20509910583496,1.5217
2020-02-21,21.897300720214844,1.5449
2020-02-24,21.50749969482422,1.576
2020-02-25,21.748899459838867,1.5564
2020-02-26,21.50200080871582,1.5753
2020-02-27,21.54980087280273,1.5703
2020-02-28,20.832399368286133,1.6223
2020-03-02,21.07110023498535,1.6064
2020-03-03,21.19849967956543,1.5952
2020-03-04,21.24930000305176,1.5907
2020-03-05,21.75550079345703,1.5508
2020-03-06,21.292299270629883,1.5848
2020-03-09,21.781200408935547,1.5283
2020-03-10,21.555299758911133,1.5159
2020-03-11,21.29179954528809,1.5349
2020-03-12,20.35300064086914,1.6056
2020-03-13,20.120899200439453,1.6226
2020-03-16,18.841800689697266,1.7253
2020-03-17,18.90559959411621,1.7133
2020-03-18,17.604400634765625,1.8003
2020-03-19,17.592599868774414,1.8073
2020-03-20,18.79490089416504,1.6913
2020-03-23,18.00670051574707,1.7618
2020-03-24,18.988300323486328,1.673
2020-03-25,19.753700256347656,1.6125
2020-03-26,19.624500274658203,1.6072
2020-03-27,19.54150009155273,1.6071
2020-03-30,19.467300415039062,1.6321
2020-03-31,19.90329933166504,1.6055
2020-04-01,19.57309913635254,1.6312
2020-04-02,19.93320083618164,1.5974
2020-04-03,19.92849922180176,1.5972
2020-04-07,20.7721004486084,1.5337
2020-04-08,20.547100067138672,1.5495
2020-04-09,20.847700119018555,1.5264
2020-04-10,20.847700119018555,1.5264
2020-04-13,20.847700119018555,1.5264
2020-04-14,20.993600845336918,1.5145
2020-04-15,20.956100463867188,1.5172
2020-04-16,21.17790031433105,1.4987
2020-04-17,21.381999969482425,1.4855
2020-04-20,21.529300689697266,1.4756
2020-04-21,21.06180000305176,1.5081
2020-04-22,21.48929977416992,1.4765
2020-04-23,21.603500366210938,1.4679
2020-04-24,21.316200256347656,1.4889
2020-04-27,21.795000076293945,1.4522
2020-04-28,22.002599716186523,1.4391
2020-04-29,22.13479995727539,1.4386
2020-04-30,22.319000244140625,1.4329
2020-05-06,22.074899673461918,1.4491
2020-05-07,21.995800018310547,1.4568
2020-05-08,22.441600799560547,1.4269
2020-05-11,22.843900680541992,1.3977
2020-05-12,22.75489997863769,1.4217
2020-05-13,22.82819938659668,1.4163
2020-05-14,22.782100677490234,1.4213
2020-05-15,22.6564998626709,1.523
2020-05-18,22.73240089416504,1.3671
2020-05-19,23.07509994506836,1.3547
2020-05-20,23.41790008544922,1.3503
2020-05-21,23.21619987487793,1.3631
2020-05-22,22.09779930114746,1.4413
2020-05-25,22.315399169921875,1.7743
2020-05-26,22.84480094909668,1.7422
2020-05-27,22.56999969482422,1.8119
2020-05-28,22.18630027770996,1.5555
2020-05-29,22.51609992980957,1.5404
2020-06-01,23.24839973449707,1.5267
2020-06-02,23.330299377441406,1.5261
2020-06-03,23.64459991455078,1.5063
2020-06-04,23.803300857543945,1.4832
2020-06-05,23.84950065612793,1.4653
2020-06-08,23.64139938354492,1.4606
2020-06-09,23.839500427246094,1.4477
2020-06-10,24.18919944763184,1.4252
2020-06-11,23.97150039672852,1.4503
2020-06-12,23.96269989013672,1.4577
2020-06-15,23.514299392700195,1.4407
2020-06-16,24.37179946899414,1.389
2020-06-17,24.50429916381836,1.4071
2020-06-18,24.78420066833496,1.4048
2020-06-19,24.997100830078125,1.3926
2020-06-22,25.11680030822754,1.3696
2020-06-23,25.91080093383789,1.3251
2020-06-24,25.906099319458008,1.3283
2020-06-29,25.367000579833984,1.3716
2020-06-30,25.61870002746582,1.3561
2020-07-01,25.61870002746582,1.3561
2020-07-02,26.53179931640625,1.3131
2020-07-03,27.16790008544922,1.2758
2020-07-06,27.65999984741211,1.2428
2020-07-07,27.24880027770996,1.2708
2020-07-08,28.33390045166016,1.2215
2020-07-09,29.070600509643555,1.19
2020-07-10,28.544099807739254,1.2125
2020-07-13,28.697399139404297,1.2043
2020-07-14,27.890600204467773,1.2447
2020-07-15,28.20949935913086,1.2282
2020-07-16,26.78019905090332,1.3041
2020-07-17,27.23450088500977,1.2725
2020-07-20,27.31679916381836,1.2702
2020-07-21,28.86720085144043,1.1992
2020-07-22,27.809999465942383,1.2453
2020-07-23,28.62120056152344,1.2303
2020-07-24,27.399200439453125,1.287
2020-07-27,27.32929992675781,1.2846
2020-07-28,28.109399795532227,1.2476
2020-07-29,28.20120048522949,1.2439
2020-07-30,28.124099731445312,1.2477
2020-07-31,28.15800094604492,1.2463
2020-08-03,28.56290054321289,1.2297
2020-08-04,29.14699935913086,1.2151
2020-08-05,29.61319923400879,1.1957
2020-08-06,29.47719955444336,1.2023
2020-08-07,28.6879997253418,1.2063
2020-08-10,27.986799240112305,1.1955
2020-08-11,28.518199920654297,1.183
2020-08-12,27.687400817871094,1.1864
2020-08-13,27.95070075988769,1.1832
2020-08-14,27.988300323486328,1.1837
2020-08-17,28.09950065612793,1.1849
2020-08-18,28.05349922180176,1.1662
2020-08-19,27.758699417114254,1.1801
2020-08-20,27.759599685668945,1.1811
2020-08-21,28.016000747680664,1.1526
2020-08-24,29.03249931335449,1.1122
2020-08-25,28.77359962463379,1.124
2020-08-26,28.672700881958008,1.1226
2020-08-27,29.19029998779297,1.3577
2020-08-28,29.18549919128418,1.3694
2020-08-31,28.89579963684082,1.1346
2020-09-01,29.43239974975586,1.1239
2020-09-02,29.73870086669922,1.1108
2020-09-03,29.19580078125,1.1354
2020-09-04,28.75160026550293,1.1471
2020-09-07,28.74650001525879,1.1587
2020-09-08,28.929800033569336,1.1613
2020-09-09,28.949800491333008,1.1648
2020-09-10,28.94659996032715,1.1618
2020-09-11,29.568300247192383,1.1377
2020-09-14,30.11260032653809,1.1108
2020-09-15,30.211599349975582,1.1081
2020-09-16,30.483800888061523,1.0985
2020-09-17,30.033300399780277,1.1161
2020-09-18,30.180400848388672,1.1114
2020-09-21,29.66029930114746,1.1293
2020-09-22,29.43610000610352,1.1381
2020-09-23,29.699499130249023,1.1348
2020-09-24,28.958499908447266,1.1634
2020-09-25,28.70009994506836,1.1742
2020-09-28,28.89640045166016,1.1573
2020-09-29,28.81599998474121,1.1617
2020-09-30,29.323400497436523,1.1531
2020-10-09,30.79170036315918,1.0822
2020-10-12,31.6825008392334,1.0531
2020-10-13,31.6825008392334,1.0531
2020-10-14,32.18539810180664,1.0363
2020-10-15,31.22909927368164,1.0699
2020-10-16,31.3129997253418,1.0688
2020-10-19,31.17289924621582,1.0734
2020-10-20,31.46699905395508,1.0646
2020-10-21,31.80599975585937,1.0533
2020-10-22,31.590599060058597,1.0614
2020-10-23,31.29439926147461,1.0693
2020-10-26,31.29439926147461,1.0693
2020-10-27,31.782100677490234,1.0509
2020-10-28,32.311798095703125,1.0341
2020-10-29,32.580299377441406,1.025
2020-10-30,31.93980026245117,1.047
2020-11-02,32.597999572753906,1.0277
2020-11-03,32.67610168457031,1.0247
2020-11-04,32.774898529052734,1.0218
2020-11-05,34.48550033569336,0.972
2020-11-06,34.32500076293945,0.9778
2020-11-09,34.82099914550781,0.9646
2020-11-10,33.44559860229492,1.006
2020-11-11,31.63260078430176,1.061
2020-11-12,31.00690078735352,1.0268
2020-11-13,31.7810001373291,0.9999
2020-11-16,31.89800071716309,0.9958
2020-11-17,31.11429977416992,1.0184
2020-11-18,31.29290008544922,1.0111
2020-11-19,30.95120048522949,1.0233
2020-11-20,31.55820083618164,1.0041
2020-11-23,31.73040008544922,0.9921
2020-11-24,31.40169906616211,0.9951
2020-11-25,30.718700408935547,1.0227
2020-11-26,31.187000274658203,1.0049
2020-11-27,31.214599609375,1.0035
2020-11-30,30.12070083618164,1.0193
2020-12-01,30.380800247192383,1.0619
2020-12-02,29.90069961547852,1.0772
2020-12-03,30.343000411987305,1.0603
2020-12-04,30.435699462890625,1.0549
2020-12-07,30.44289970397949,1.0937
2020-12-08,30.589399337768555,1.0894
2020-12-09,30.623699188232425,1.0868
2020-12-10,30.38940048217773,1.0951
2020-12-11,30.702600479125977,1.0841
2020-12-14,30.43560028076172,1.088
2020-12-15,30.522300720214844,1.0925
2020-12-16,30.969200134277344,1.0765
2020-12-17,31.527099609375,1.0569
2020-12-18,31.5585994720459,1.057
2020-12-21,31.505199432373047,1.0619
2020-12-22,32.932701110839844,1.0249
2020-12-23,33.51340103149414,1.008
2020-12-24,32.911399841308594,1.0281
2020-12-25,32.911399841308594,1.0281
2020-12-28,31.95050048828125,1.0646
2020-12-29,32.39910125732422,1.0479
2020-12-30,33.43399810791016,1.0141
2020-12-31,33.89030075073242,1.0013
2021-01-04,34.385398864746094,0.9887
2021-01-05,34.86589813232422,0.975
2021-01-06,35.16939926147461,0.9657
2021-01-07,34.27080154418945,0.9956
2021-01-08,34.77669906616211,0.9813
2021-01-11,35.289398193359375,0.9679
2021-01-12,35.404300689697266,0.9629
2021-01-13,35.393798828125,0.9622
2021-01-14,36.33449935913086,0.9339
2021-01-15,36.2677001953125,0.9342
2021-01-18,37.21179962158203,0.91
2021-01-19,37.83819961547852,0.8947
2021-01-20,39.36280059814453,0.8595
2021-01-21,39.2849006652832,0.8602
2021-01-22,39.662200927734375,0.8548
2021-01-25,41.78110122680664,0.8104
2021-01-26,40.05830001831055,0.8457
2021-01-27,39.297698974609375,0.8614
2021-01-28,38.02939987182617,0.8899
2021-01-29,38.013301849365234,0.8897
2021-02-01,39.57429885864258,0.8541
2021-02-02,40.4297981262207,0.8373
2021-02-03,40.882301330566406,0.8285
2021-02-04,40.13800048828125,0.8398
2021-02-05,39.94860076904297,0.8445
2021-02-08,40.089500427246094,0.8403
2021-02-09,40.50199890136719,0.8325
2021-02-10,41.47679901123047,0.8129
2021-02-18,41.58549880981445,0.8098
2021-02-19,41.72420120239258,0.807
2021-02-22,40.14659881591797,0.8379
2021-02-23,39.80039978027344,0.8437
2021-02-24,38.1880989074707,0.8781
2021-02-25,38.579498291015625,0.8715
2021-02-26,36.687599182128906,0.921
2021-03-01,38.1697998046875,0.8777
2021-03-02,37.77930068969727,0.8833
2021-03-03,38.592098236083984,0.8621
2021-03-04,36.44400024414063,0.9127
2021-03-05,36.02140045166016,0.9243
2021-03-08,33.86920166015625,0.9792
2021-03-09,33.69089889526367,0.9799
2021-03-10,34.399600982666016,0.9606
2021-03-11,35.74810028076172,0.922
2021-03-12,34.798099517822266,0.9487
2021-03-15,35.218101501464844,0.9528
2021-03-16,53.60380172729492,0.4315
2021-03-17,53.38819885253906,0.4318
2021-03-18,54.274600982666016,0.4243
2021-03-19,52.93450164794922,0.4329
2021-03-22,52.719200134277344,0.4331
2021-03-23,51.31269836425781,0.4452
2021-03-24,41.78620147705078,0.4545
2021-03-25,41.19350051879883,0.4624
2021-03-26,42.99990081787109,0.4484
2021-03-29,43.10020065307617,0.4576
2021-03-30,43.130401611328125,0.4511
2021-03-31,42.75550079345703,0.4511
2021-04-01,45.73960113525391,0.4233
2021-04-02,45.73960113525391,0.4233
2021-04-06,45.74300003051758,0.4232
2021-04-07,44.87020111083984,0.44
2021-04-08,44.77799987792969,0.4412
2021-04-09,44.21469879150391,0.4464
2021-04-12,43.2515983581543,0.4556
2021-04-13,42.61050033569336,0.4624
2021-04-14,43.70320129394531,0.451
2021-04-15,43.53919982910156,0.4527
2021-04-16,44.22140121459961,0.4458
2021-04-19,44.6244010925293,0.4424
2021-04-20,44.532501220703125,0.4436
2021-04-21,43.366798400878906,0.4521
2021-04-22,43.88930130004883,0.4449
2021-04-23,44.91299819946289,0.435
2021-04-26,44.61240005493164,0.4374
2021-04-27,44.79349899291992,0.4354
2021-04-28,44.780399322509766,0.4351
2021-04-29,44.84120178222656,0.4341
2021-04-30,44.08580017089844,0.4415
2021-05-06,42.851898193359375,0.4525
2021-05-07,41.41550064086914,0.4599
2021-05-10,41.12319946289063,0.4646
2021-05-11,40.19900131225586,0.4746
2021-05-12,41.041900634765625,0.465
2021-05-13,39.73540115356445,0.4857
2021-05-14,39.842899322509766,0.4837
2021-05-17,40.95240020751953,0.3905
2021-05-18,41.53099822998047,0.3846
2021-05-19,41.53099822998047,0.3739
2021-05-20,39.67430114746094,0.3758
2021-05-21,39.473899841308594,0.3704
2021-05-24,38.91310119628906,0.4972
2021-05-25,40.08039855957031,0.4824
2021-05-26,39.674198150634766,0.4879
2021-05-27,39.332401275634766,0.4871
2021-05-28,38.94419860839844,0.4986
2021-05-31,40.26219940185547,0.4759
2021-06-01,41.13150024414063,0.4964
2021-06-02,40.94649887084961,0.4982
2021-06-03,40.36240005493164,0.5039
2021-06-04,40.115699768066406,0.5078
2021-06-07,39.68119812011719,0.52
2021-06-08,39.50659942626953,0.5236
2021-06-09,39.55649948120117,0.5229
2021-06-10,39.697898864746094,0.5282
2021-06-11,39.83829879760742,0.5321
2021-06-15,39.74240112304688,0.5168
2021-06-16,38.86130142211914,0.5278
2021-06-17,39.24689865112305,0.5232
2021-06-18,40.030399322509766,0.4999
2021-06-21,39.64789962768555,0.4946
2021-06-22,38.95980072021485,0.5136
2021-06-23,39.895301818847656,0.495
2021-06-24,40.06460189819336,0.5121
2021-06-25,40.9474983215332,0.5011
2021-06-28,41.00350189208984,0.5009
2021-06-29,40.622501373291016,0.5055
2021-06-30,40.21440124511719,0.5201
2021-07-01,40.214599609375,0.5201
2021-07-02,39.1786003112793,0.5335
2021-07-05,38.4286994934082,0.5441
2021-07-06,38.09989929199219,0.5478
2021-07-07,38.102298736572266,0.5495
2021-07-08,36.70119857788086,0.5614
2021-07-09,37.41709899902344,0.5601
2021-07-12,37.94919967651367,0.557
2021-07-13,39.54819869995117,0.5298
2021-07-14,39.48970031738281,0.5105
2021-07-15,39.58380126953125,0.5085
2021-07-16,39.58269882202149,0.5093
2021-07-19,38.79449844360352,0.5198
2021-07-20,38.27410125732422,0.5273
2021-07-21,38.18190002441406,0.5306
2021-07-22,38.6796989440918,0.5233
2021-07-23,37.89699935913086,0.5354
2021-07-26,35.27320098876953,0.5867
2021-07-27,32.17409896850586,0.6722
2021-07-28,33.23440170288086,0.6493
2021-07-29,35.766998291015625,0.6018
2021-07-30,35.113800048828125,0.6153
2021-08-02,34.853599548339844,0.6132
2021-08-03,34.125701904296875,0.6503
2021-08-04,35.10240173339844,0.6326
2021-08-05,33.9630012512207,0.6371
2021-08-06,34.120201110839844,0.6321
2021-08-09,34.08369827270508,0.6264
2021-08-10,35.244998931884766,0.603
2021-08-11,34.699100494384766,0.6067
2021-08-12,34.50299835205078,0.6146
2021-08-13,34.0786018371582,0.6461
2021-08-16,32.53129959106445,0.6738
2021-08-17,31.630199432373047,0.7092
2021-08-18,30.60639953613281,0.7006
2021-08-19,29.692699432373047,0.712
2021-08-20,28.935199737548828,0.7295
2021-08-23,29.46260070800781,0.7141
2021-08-24,31.742300033569336,0.6703
2021-08-25,31.583499908447266,0.6659
2021-08-26,31.387399673461918,0.6742
2021-08-27,31.03580093383789,0.6783
2021-08-30,31.430099487304688,0.6669
2021-08-31,31.768699645996094,0.6605
2021-09-01,31.97620010375977,0.6557
2021-09-02,32.25960159301758,0.6524
2021-09-03,31.949199676513672,0.6592
2021-09-06,33.020301818847656,0.6474
2021-09-07,33.42539978027344,0.6387
2021-09-08,33.51179885864258,0.6364
2021-09-09,31.989500045776367,0.6692
2021-09-10,32.49440002441406,0.6653
2021-09-13,31.657400131225582,0.683
2021-09-14,31.532400131225582,0.6879
2021-09-15,30.66519927978516,0.7076
2021-09-16,30.207000732421875,0.7178
2021-09-17,31.23390007019043,0.696
2021-09-22,30.380699157714844,0.7146
2021-09-23,30.710399627685547,0.7123
2021-09-24,30.47620010375977,0.7108
2021-09-27,30.568099975585938,0.7087
2021-09-28,30.86009979248047,0.7015
2021-09-29,30.65410041809082,0.7092
2021-09-30,30.60099983215332,0.712
2021-10-08,30.840900421142575,0.7152
2021-10-11,31.64310073852539,0.6957
2021-10-12,31.010099411010746,0.7112
2021-10-13,31.010099411010746,0.7112
2021-10-14,31.010099411010746,0.7112
2021-10-15,31.961599349975582,0.6902
2021-10-18,32.13050079345703,0.6845
2021-10-19,32.6505012512207,0.6736
2021-10-20,33.13690185546875,0.6628
2021-10-21,32.671199798583984,0.6701
2021-10-22,33.03499984741211,0.6638
2021-10-25,32.955501556396484,0.6668
2021-10-26,32.780601501464844,0.6715
2021-10-27,31.78499984741211,0.6922
2021-10-28,31.76440048217773,0.6925
2021-10-29,31.592199325561523,0.698
2021-11-01,30.8799991607666,0.7123
2021-11-02,31.04050064086914,0.7152
2021-11-03,31.12459945678711,0.7133
2021-11-04,31.597400665283203,0.701
2021-11-05,30.97640037536621,0.7156
2021-11-08,30.568099975585938,0.7246
2021-11-09,30.915000915527344,0.717
2021-11-10,31.506799697875977,0.6997
2021-11-11,31.53660011291504,0.6986
2021-11-12,31.927000045776367,0.6889
2021-11-15,32.142799377441406,0.6834
2021-11-16,32.81809997558594,0.6699
2021-11-17,32.99440002441406,0.666
2021-11-18,32.17020034790039,0.6799
2021-11-19,32.030799865722656,0.6826
2021-11-22,31.9734001159668,0.6857
2021-11-23,31.73069953918457,0.6974
2021-11-24,31.481300354003903,0.7042
2021-11-25,31.672399520874023,0.6987
2021-11-26,32.424198150634766,0.7187
2021-11-29,32.15549850463867,0.7339
2021-11-30,31.87619972229004,0.7415
2021-12-01,32.19269943237305,0.7341
2021-12-02,32.34120178222656,0.674
2021-12-03,31.95709991455078,0.6829
2021-12-06,30.70509910583496,0.709
2021-12-07,31.697200775146484,0.6969
2021-12-08,31.92449951171875,0.6433
2021-12-09,32.51530075073242,0.6317
2021-12-10,31.93939971923828,0.643
2021-12-13,31.901199340820312,0.639
2021-12-14,31.43440055847168,0.6484
2021-12-15,30.59499931335449,0.6631
2021-12-16,30.81559944152832,0.66
2021-12-17,29.91659927368164,0.6807
2021-12-20,29.027700424194336,0.6997
2021-12-21,29.783700942993164,0.6821
2021-12-22,29.97900009155273,0.6782
2021-12-23,30.351600646972656,0.6683
2021-12-24,30.1471004486084,0.6715
2021-12-27,30.1471004486084,0.6715
2021-12-28,29.831899642944336,0.6799
2021-12-29,29.47719955444336,0.6886
2021-12-30,29.57169914245605,0.6865
2021-12-31,30.313800811767575,0.6695
2022-01-04,29.619600296020508,0.6844
2022-01-05,28.188400268554688,0.7186
2022-01-06,28.40220069885254,0.713
2022-01-07,28.675600051879883,0.7061
2022-01-10,29.195600509643555,0.6923
2022-01-11,29.33679962158203,0.6882
2022-01-12,30.67970085144043,0.6586
2022-01-13,30.361900329589844,0.6667
2022-01-14,30.29599952697754,0.6684
2022-01-17,29.916000366210938,0.6774
2022-01-18,29.64259910583496,0.685
2022-01-19,29.42490005493164,0.6881
2022-01-20,30.505300521850582,0.6629
2022-01-21,30.54949951171875,0.6611
2022-01-24,30.07979965209961,0.6715
2022-01-25,29.49860000610352,0.6843
2022-01-26,29.43989944458008,0.6834
2022-01-27,28.55739974975586,0.7046
2022-01-28,27.957399368286133,0.7165
2022-02-07,29.2987003326416,0.6847
2022-02-08,28.55929946899414,0.7011
2022-02-09,29.22319984436035,0.6839
2022-02-10,29.15800094604492,0.6813
2022-02-11,28.635499954223636,0.6929
2022-02-14,28.267200469970703,0.7021
2022-02-15,28.390899658203125,0.701
2022-02-16,28.86160087585449,0.6909
2022-02-17,29.141300201416016,0.6845
2022-02-18,28.146499633789062,0.7086
2022-02-21,27.362699508666992,0.7313
2022-02-22,26.796499252319336,0.7457
2022-02-23,26.965200424194336,0.7394
2022-02-24,25.965900421142575,0.7679
2022-02-25,26.1643009185791,0.7647
2022-02-28,26.02790069580078,0.7577
2022-03-01,26.42539978027344,0.7469
2022-03-02,25.853599548339844,0.7623
2022-03-03,25.50079917907715,0.7716
2022-03-04,24.48139953613281,0.8021
2022-03-07,34.96440124511719,0.8021
2022-03-08,34.46929931640625,0.7895
2022-03-09,34.463401794433594,0.7888
2022-03-10,34.89030075073242,0.7832
2022-03-11,33.64680099487305,0.813
2022-03-14,30.194900512695312,0.9055
2022-03-15,27.802000045776367,0.985
2022-03-16,33.164398193359375,0.8238
2022-03-17,35.372398376464844,0.7685
2022-03-18,34.684600830078125,0.7815
2022-03-21,34.135398864746094,0.799
2022-03-22,36.01490020751953,0.7702
2022-03-23,31.396900177001957,0.7584
2022-03-24,30.5487003326416,0.7836
2022-03-25,29.533700942993164,0.8194
2022-03-28,28.41349983215332,0.797
2022-03-29,28.755599975585938,0.773
2022-03-30,28.95120048522949,0.7628
2022-03-31,27.92539978027344,0.7809
2022-04-01,27.938100814819336,0.7792
2022-04-06,28.278499603271484,0.7897
2022-04-07,27.689699172973636,0.8073
2022-04-08,27.506799697875977,0.7861
2022-04-11,26.09950065612793,0.8265
2022-04-12,26.647499084472656,0.8095
2022-04-13,26.88660049438477,0.8013
2022-04-14,27.371999740600582,0.7896
2022-04-15,27.371999740600582,0.7896
2022-04-18,27.371999740600582,0.7896
2022-04-19,26.495800018310547,0.816
2022-04-20,26.40010070800781,0.8187
2022-04-21,25.481800079345703,0.8485
2022-04-22,25.420799255371094,0.8521
2022-04-25,24.24430084228516,0.8914
2022-04-26,24.803699493408203,0.8713
2022-04-27,24.98270034790039,0.8642
2022-04-28,25.19939994812012,0.8541
2022-04-29,27.27560043334961,0.7857
2022-05-05,26.350000381469727,0.8322
2022-05-06,25.098899841308597,0.8735
2022-05-09,25.098899841308597,0.8735
2022-05-10,24.47010040283203,0.8969
2022-05-11,25.338600158691406,0.8669
2022-05-12,24.61400032043457,0.885
2022-05-13,25.56760025024414,0.8532
2022-05-16,25.460599899291992,0.8759
2022-05-17,26.65749931335449,0.8361
2022-05-18,29.202899932861328,0.8438
2022-05-19,28.931100845336918,0.8812
2022-05-20,30.01110076904297,1.0395
2022-05-23,29.572599411010746,1.039
2022-05-24,23.930500030517575,1.0726
2022-05-25,24.001300811767575,0.8607
2022-05-26,23.841800689697266,0.8633
2022-05-27,24.374099731445312,0.8401
2022-05-30,25.15800094604492,0.7775
2022-05-31,26.05680084228516,0.7636
2022-06-01,25.906200408935547,0.7563
2022-06-02,25.863000869750977,0.7238
2022-06-06,26.911800384521484,0.697
2022-06-07,26.873300552368164,0.7429
2022-06-08,28.105300903320312,0.7044
2022-06-09,27.9242000579834,0.7128
2022-06-10,28.229900360107425,0.7065
2022-06-13,26.99399948120117,0.7337
2022-06-14,26.967100143432617,0.7344
2022-06-15,27.179500579833984,0.7799
2022-06-16,26.362499237060547,0.8111
2022-06-17,26.82439994812012,0.7957
2022-06-20,27.078800201416016,0.7823
2022-06-21,27.666099548339844,0.7859
2022-06-22,26.813400268554688,0.8226
2022-06-23,27.34410095214844,0.7933
2022-06-24,28.32379913330078,0.7663
2022-06-27,28.777999877929688,0.7565
2022-06-28,28.72249984741211,0.7601
2022-06-29,28.03400039672852,0.7897
2022-06-30,27.615100860595703,0.8041
2022-07-01,27.61520004272461,0.7896
2022-07-04,27.68989944458008,0.7885
2022-07-05,27.70479965209961,0.7879
2022-07-06,27.64900016784668,0.7913
2022-07-07,27.7814998626709,0.7874
2022-07-08,27.74410057067871,0.7875
2022-07-11,26.79360008239746,0.8003
2022-07-12,26.097000122070312,0.8351
2022-07-13,26.09959983825684,0.8413
2022-07-14,26.364599227905277,0.834
2022-07-15,25.81679916381836,0.8547
2022-07-18,26.41360092163086,0.8333
2022-07-19,26.159500122070312,0.8398
2022-07-20,26.55290031433105,0.8253
2022-07-21,26.32159996032715,0.8325
2022-07-22,26.31049919128418,0.8336
2022-07-25,25.90589904785156,0.8464
2022-07-26,26.03919982910156,0.8382
2022-07-27,25.59499931335449,0.8078
2022-07-28,25.659299850463867,0.8052
2022-07-29,24.678600311279297,0.8395
2022-08-01,24.898500442504883,0.8884
2022-08-02,24.26259994506836,0.9459
2022-08-03,24.50230026245117,0.9352
2022-08-04,30.97360038757324,0.9056
2022-08-05,31.06489944458008,0.9037
2022-08-08,30.553800582885746,0.919
2022-08-09,24.71619987487793,0.9259
2022-08-10,24.02939987182617,0.9485
2022-08-11,24.78899955749512,0.9297
2022-08-12,24.837099075317383,0.9495
2022-08-15,24.900299072265625,0.9209
2022-08-16,24.53700065612793,0.9341
2022-08-17,27.606800079345703,0.929
2022-08-18,27.726299285888672,0.9036
2022-08-19,28.486099243164062,0.9014
2022-08-22,28.34550094604492,0.9092
2022-08-23,28.33839988708496,0.9158
2022-08-24,27.884899139404297,0.9363
2022-08-25,29.19440078735352,0.8959
2022-08-26,29.166200637817383,0.8885
2022-08-29,27.94820022583008,0.896
2022-08-30,27.36739921569824,0.9232
2022-08-31,27.515199661254883,0.9163
2022-09-01,26.932600021362305,0.9151
2022-09-02,26.710100173950195,0.9206
2022-09-05,27.63960075378418,0.9398
2022-09-06,27.303800582885746,0.9665
2022-09-07,27.13170051574707,0.9735
2022-09-08,26.64970016479492,1.0114
2022-09-09,27.361900329589844,0.9853
2022-09-13,27.01930046081543,0.9841
2022-09-14,26.40410041809082,1.0027
2022-09-15,26.494400024414062,1.0017
2022-09-16,25.90719985961914,1.0219
2022-09-19,25.479400634765625,1.0395
2022-09-20,25.908700942993164,1.0227
2022-09-21,25.223499298095703,1.0529
2022-09-22,24.858400344848636,1.0667
2022-09-23,24.240800857543945,1.0942
2022-09-26,24.756999969482425,1.0709
2022-09-27,24.938100814819336,1.0641
2022-09-28,24.104900360107425,1.0992
2022-09-29,23.811500549316406,1.1122
2022-09-30,23.456300735473636,1.122
2022-10-10,22.94610023498535,1.1345
2022-10-11,22.31060028076172,1.1691
2022-10-12,22.372900009155277,1.1686
2022-10-13,21.92099952697754,1.1952
2022-10-14,22.440200805664062,1.1684
2022-10-17,22.43989944458008,1.1684
2022-10-18,23.26449966430664,1.1281
2022-10-19,22.31940078735352,1.1746
2022-10-20,21.760400772094727,1.2059
2022-10-21,21.725500106811523,1.2043
2022-10-24,19.78190040588379,1.3285
2022-10-25,20.045900344848636,1.3121
2022-10-26,20.62260055541992,1.2689
2022-10-27,20.612499237060547,1.2658
2022-10-28,19.19050025939941,1.341
2022-10-31,19.28510093688965,1.335
2022-11-01,20.85540008544922,1.2304
2022-11-02,21.498300552368164,1.1927
2022-11-03,20.854400634765625,1.2324
2022-11-04,22.22620010375977,1.1554
2022-11-07,22.973800659179688,1.1156
2022-11-08,22.75690078735352,1.1243
2022-11-09,22.17620086669922,1.1543
2022-11-10,21.444499969482425,1.1866
2022-11-11,23.52910041809082,1.0801
2022-11-14,23.93320083618164,1.0647
2022-11-15,25.977500915527344,0.998
2022-11-16,26.847299575805664,0.9942
2022-11-17,26.264799118041992,1.016
2022-11-18,26.181900024414062,1.0189
2022-11-21,25.679800033569336,1.0405
2022-11-22,24.39229965209961,1.0751
2022-11-23,24.66830062866211,1.0693
2022-11-24,24.809999465942383,1.0649
2022-11-25,24.170000076293945,1.1218
2022-11-28,23.93320083618164,1.1146
2022-11-29,25.377500534057617,1.0505
2022-11-30,25.10379981994629,1.0088
2022-12-01,25.384599685668945,0.9967
2022-12-02,25.51110076904297,0.9897
2022-12-05,26.994600296020508,0.9345
2022-12-06,26.75329971313477,0.9528
2022-12-07,25.904300689697266,0.9856
2022-12-08,27.337499618530277,0.9141
2022-12-09,28.044700622558597,0.8947
2022-12-12,27.16469955444336,0.924
2022-12-13,27.268299102783203,0.9197
2022-12-14,27.57360076904297,0.9097
2022-12-15,26.988800048828125,0.9307
2022-12-16,27.0580997467041,0.9289
2022-12-19,26.890600204467773,0.9323
2022-12-20,26.21299934387207,0.9573
2022-12-21,26.333499908447266,0.9537
2022-12-22,27.33489990234375,0.9178
2022-12-23,26.96199989318848,0.9302
2022-12-26,26.96199989318848,0.9302
2022-12-27,26.96199989318848,0.9302
2022-12-28,27.41399955749512,0.9133
2022-12-29,27.521299362182617,0.9084
2022-12-30,27.36370086669922,0.9146
2023-01-03,28.15369987487793,0.8894
2023-01-04,29.076099395751957,0.8593
2023-01-05,29.18219947814941,0.8598
2023-01-06,28.82690048217773,0.8695
2023-01-09,29.524900436401367,0.8481
2023-01-10,29.59589958190918,0.8463
2023-01-11,29.896499633789062,0.8377
2023-01-12,29.609899520874023,0.8487
2023-01-13,30.103200912475582,0.8348
2023-01-16,29.96430015563965,0.8404
2023-01-17,29.78009986877441,0.8438
2023-01-18,30.029600143432617,0.8357
2023-01-19,30.02910041809082,0.8368
2023-01-20,30.65279960632324,0.8189
2023-01-30,30.733200073242188,0.8182
2023-01-31,30.46969985961914,0.8263
2023-02-01,31.276899337768555,0.8071
2023-02-02,31.178300857543945,0.8096
2023-02-03,30.935300827026367,0.8147
2023-02-06,29.907100677490234,0.8424
2023-02-07,30.05290031433105,0.8382
2023-02-08,29.786300659179688,0.8453
2023-02-09,30.67539978027344,0.8229
2023-02-10,29.677600860595703,0.8505
2023-02-13,29.81609916687012,0.8465
2023-02-14,29.478200912475582,0.8568
2023-02-15,29.10540008544922,0.8675
2023-02-16,29.365699768066406,0.8586
2023-02-17,28.90439987182617,0.8771
2023-02-20,29.257299423217773,0.8667
2023-02-21,28.435400009155277,0.8941
2023-02-22,28.042499542236328,0.9068
2023-02-23,28.00480079650879,0.9085
2023-02-24,27.454500198364254,0.9261
2023-02-27,27.61549949645996,0.931
2023-02-28,27.245399475097656,0.9439
2023-03-01,28.872299194335938,0.8883
2023-03-02,28.582500457763672,0.8965
2023-03-03,28.90290069580078,0.8858
2023-03-06,28.725500106811523,0.8925
2023-03-07,28.218900680541992,0.9086
2023-03-08,27.42009925842285,0.9351
2023-03-09,26.95669937133789,0.9524
2023-03-10,26.183000564575195,0.9788
2023-03-13,26.623199462890625,0.9588
2023-03-14,26.517200469970703,0.9109
2023-03-15,26.86289978027344,0.8986
2023-03-16,26.51490020751953,0.912
2023-03-17,27.211299896240234,0.8923
2023-03-20,26.922399520874023,0.9127
2023-03-21,27.679100036621094,0.8875
2023-03-22,26.584400177001957,0.88
2023-03-23,28.059499740600582,0.8346
2023-03-24,27.63170051574707,0.8339
2023-03-27,27.13360023498535,0.8582
2023-03-28,26.089599609375,0.8405
2023-03-29,26.5531005859375,0.8267
2023-03-30,26.34650039672852,0.8255
2023-03-31,26.79850006103516,0.8337
2023-04-03,26.799999237060547,0.8334
2023-04-04,26.43989944458008,0.8448
2023-04-06,26.57110023498535,0.8226
2023-04-07,26.57110023498535,0.8226
2023-04-10,26.57159996032715,0.8226
2023-04-11,26.615100860595703,0.8235
2023-04-12,25.94339942932129,0.8477
2023-04-13,26.247499465942383,0.8377
2023-04-14,26.42350006103516,0.8326
2023-04-17,26.872100830078125,0.819
2023-04-18,26.5669002532959,0.8283
2023-04-19,26.120399475097656,0.8425
2023-04-20,26.080900192260746,0.8427
2023-04-21,25.57229995727539,0.8631
2023-04-24,25.49740028381348,0.867
2023-04-25,24.654800415039062,0.8936
2023-04-26,25.188600540161133,0.8747
2023-04-27,24.891000747680664,0.8758
2023-04-28,24.96470069885254,0.8744
2023-05-04,24.65920066833496,0.8844
2023-05-05,24.86680030822754,0.8567
2023-05-08,24.88089942932129,0.8581
2023-05-09,24.14859962463379,0.8855
2023-05-10,24.18099975585937,0.8829
2023-05-11,24.297199249267575,0.88
2023-05-12,24.21949958801269,0.8809
2023-05-15,24.791400909423828,0.8582
2023-05-16,24.93280029296875,0.8744
2023-05-17,23.938899993896484,0.8955
2023-05-18,23.94960021972656,0.8958
2023-05-19,23.578500747680664,1.1946
2023-05-22,23.752099990844727,0.9677
2023-05-23,23.553600311279297,0.9764
2023-05-24,23.07379913330078,0.9903
2023-05-25,21.8484001159668,1.0167
2023-05-26,21.8484001159668,1.0167
2023-05-29,21.27389907836914,1.0278
2023-05-30,21.482500076293945,1.0329
2023-05-31,21.09510040283203,1.047
2023-06-01,21.23870086669922,1.0273
2023-06-02,22.315900802612305,0.9857
2023-06-05,22.443199157714844,1.0202
2023-06-06,22.22909927368164,1.0559
2023-06-07,22.512399673461918,1.0292
2023-06-08,22.437599182128903,0.9814
2023-06-09,22.642799377441406,0.9731
2023-06-12,22.73730087280273,0.9658
2023-06-13,23.07659912109375,0.9735
2023-06-14,23.093799591064453,0.9784
2023-06-15,23.81739997863769,0.948
2023-06-16,24.15439987182617,0.8912
2023-06-19,23.87879943847656,0.8951
2023-06-20,23.25950050354004,0.9394
2023-06-21,22.68910026550293,0.9809
2023-06-26,22.269699096679688,0.995
2023-06-27,22.65220069885254,1.0128
2023-06-28,22.605899810791016,0.9794
2023-06-29,22.32379913330078,1.0041
2023-06-30,22.218599319458008,0.9944
2023-07-03,22.79800033569336,0.9706
2023-07-04,22.99209976196289,0.9624
2023-07-05,22.657100677490234,0.9773
2023-07-06,22.205400466918945,0.9998
2023-07-07,21.94960021972656,1.01
2023-07-10,22.118000030517575,1.0023
2023-07-11,22.42639923095703,0.9898
2023-07-12,22.65850067138672,1.1115
2023-07-13,23.340900421142575,1.0567
2023-07-14,23.342100143432617,1.0561
2023-07-17,23.342100143432617,1.0561
2023-07-18,22.79010009765625,1.0862
2023-07-19,22.635900497436523,1.0947
2023-07-20,22.56100082397461,1.0993
2023-07-21,22.6658992767334,1.0941
2023-07-24,22.20039939880371,1.1414
2023-07-25,23.292699813842773,1.0855
2023-07-26,23.153200149536133,1.1392
2023-07-27,23.53059959411621,1.1242
2023-07-28,24.13409996032715,1.0962
2023-07-31,24.536500930786133,1.0848
2023-08-01,24.464599609375,1.106
2023-08-02,23.654600143432617,1.0906
2023-08-03,23.71339988708496,1.0524
2023-08-04,23.918100357055664,1.0428
2023-08-07,23.79400062561035,1.022
2023-08-08,23.06450080871582,1.0449
2023-08-09,23.239599227905277,1.0393
2023-08-10,23.269399642944336,1.0407
2023-08-11,22.831899642944336,1.0832
2023-08-14,22.520700454711918,1.0618
2023-08-15,22.393299102783203,1.0679
2023-08-16,22.2091007232666,1.0793
2023-08-17,22.556400299072266,1.071
2023-08-18,21.883699417114254,1.1023
2023-08-21,21.477399826049805,1.1255
2023-08-22,21.419700622558597,1.1137
2023-08-23,21.39780044555664,1.116
2023-08-24,21.71330070495605,1.0807
2023-08-25,22.222299575805664,1.1001
2023-08-28,22.270000457763672,1.0853
2023-08-29,22.83060073852539,1.0859
2023-08-30,22.88629913330078,1.0951
2023-08-31,22.72150039672852,1.0813
2023-09-01,22.72249984741211,1.0813
2023-09-04,23.9143009185791,1.0336
2023-09-05,23.78619956970215,1.0267
2023-09-06,23.65489959716797,1.05
2023-09-07,23.248699188232425,1.0686
2023-09-08,23.248699188232425,1.0686
2023-09-11,23.417499542236328,1.0402
2023-09-12,23.36599922180176,1.0446
2023-09-13,23.184200286865234,1.0536
2023-09-14,23.195199966430664,1.0533
2023-09-15,23.27910041809082,1.0567
2023-09-18,22.968000411987305,1.0728
2023-09-19,22.971399307250977,1.0725
2023-09-20,22.666000366210938,1.0864
2023-09-21,22.21999931335449,1.1077
2023-09-22,22.932899475097656,1.0728
2023-09-25,22.471599578857425,1.0986
2023-09-26,22.090999603271484,1.1152
2023-09-27,22.26370048522949,1.1078
2023-09-28,21.93939971923828,1.1255
2023-10-09,22.11440086364746,1.1134
2023-10-10,22.26569938659668,1.1041
2023-10-11,22.74099922180176,1.0826
2023-10-12,23.21299934387207,1.0611
2023-10-13,22.596900939941406,1.0913
2023-10-16,22.22610092163086,1.1092
2023-10-17,22.34189987182617,1.103
2023-10-18,22.184999465942383,1.1141
2023-10-19,21.688600540161133,1.1331
2023-10-20,21.4822998046875,1.1429
2023-10-23,21.4822998046875,1.1429
2023-10-24,21.28039932250977,1.1546
2023-10-25,21.565399169921875,1.1379
2023-10-26,21.51460075378418,1.1407
2023-10-27,22.10029983520508,1.111
2023-10-30,22.10580062866211,1.0941
2023-10-31,21.536399841308597,1.1205
2023-11-01,21.42200088500977,1.1264
2023-11-02,21.569499969482425,1.1177
2023-11-03,22.336000442504883,1.0781
2023-11-06,23.19969940185547,1.038
2023-11-07,22.927499771118164,1.0507
2023-11-08,22.87299919128418,1.0524
2023-11-09,22.720399856567383,1.0562
2023-11-10,22.185800552368164,1.0821
2023-11-13,22.574800491333008,1.0611
2023-11-14,22.108699798583984,1.0668
2023-11-15,23.34910011291504,1.0214
2023-11-16,23.23929977416992,1.0316
2023-11-17,22.813600540161133,1.0513
2023-11-20,22.927600860595703,1.0256
2023-11-21,22.045799255371094,1.033
2023-11-22,21.921300888061523,1.0386
2023-11-23,22.18440055847168,1.0227
2023-11-24,21.580400466918945,1.0501
2023-11-27,21.589500427246094,1.0229
2023-11-28,21.277999877929688,1.0442
2023-11-29,20.76959991455078,1.069
2023-11-30,20.96640014648437,1.0558
2023-12-01,20.542200088500977,1.0935
2023-12-04,20.16830062866211,1.1129
2023-12-05,19.73819923400879,1.1397
2023-12-06,20.007299423217773,1.125
2023-12-07,19.789100646972656,1.138
2023-12-08,19.6023006439209,1.1862
2023-12-11,19.547399520874023,1.156
2023-12-12,19.8080997467041,1.1386
2023-12-13,19.57410049438477,1.1521
2023-12-14,19.730499267578125,1.143
2023-12-15,20.134300231933597,1.1189
2023-12-18,19.84569931030273,1.1338
2023-12-19,19.71910095214844,1.1411
2023-12-20,19.78610038757324,1.1362
2023-12-21,19.68099975585937,1.1428
2023-12-22,18.59760093688965,1.2204
2023-12-25,18.59760093688965,1.2204
2023-12-26,18.59760093688965,1.2204
2023-12-27,19.084800720214844,1.1868
2023-12-28,19.69669914245605,1.1497
2023-12-29,19.720800399780277,1.1479
2024-01-02,19.491300582885746,1.1579
2024-01-03,19.401100158691406,1.1633
2024-01-04,19.351299285888672,1.1667
2024-01-05,18.99679946899414,1.1893
2024-01-08,18.561399459838867,1.218
2024-01-09,18.452699661254883,1.2276
2024-01-10,18.38660049438477,1.2332
2024-01-11,18.80940055847168,1.2063
2024-01-12,18.73189926147461,1.2103
2024-01-15,18.654800415039062,1.2144
2024-01-16,18.27750015258789,1.2417
2024-01-17,17.530000686645508,1.2945
2024-01-18,17.694599151611328,1.2822
2024-01-19,17.391199111938477,1.3069
2024-01-22,16.781700134277344,1.357
2024-01-23,17.34320068359375,1.3105
2024-01-24,17.872299194335938,1.2692
2024-01-25,18.09259986877441,1.2503
2024-01-26,17.401399612426758,1.298
2024-01-29,17.321300506591797,1.3026
2024-01-30,16.77440071105957,1.345
2024-01-31,16.365100860595703,1.3788
2024-02-01,16.574899673461914,1.3607
2024-02-02,16.51289939880371,1.3567
2024-02-05,16.48200035095215,1.3615
2024-02-06,17.473600387573242,1.2932
2024-02-07,17.466800689697266,1.2946
2024-02-08,17.327499389648438,1.3047
2024-02-19,17.476900100708008,1.2921
2024-02-20,17.55970001220703,1.2875
2024-02-21,17.96619987487793,1.2591
2024-02-22,18.256999969482425,1.2419
2024-02-23,18.209800720214844,1.2447
2024-02-26,17.858299255371094,1.2504
2024-02-27,18.18560028076172,1.2318
2024-02-28,17.64430046081543,1.2636
2024-02-29,17.796199798583984,1.2525
2024-03-01,17.962200164794922,1.2408
2024-03-04,18.409900665283203,1.2262
2024-03-05,18.072099685668945,1.2658
2024-03-06,18.466699600219727,1.2373
2024-03-07,18.01440048217773,1.2635
2024-03-08,18.129499435424805,1.2564
2024-03-11,18.659900665283203,1.2182
2024-03-12,19.465599060058597,1.1668
2024-03-13,19.52989959716797,1.1627
2024-03-14,19.324199676513672,1.1756
2024-03-15,19.640300750732425,1.1929
2024-03-18,19.83060073852539,1.1747
2024-03-19,19.250200271606445,1.1984
2024-03-20,24.23509979248047,1.1887
2024-03-21,24.51460075378418,1.1741
2024-03-22,23.603099822998047,1.2035
2024-03-25,23.569299697875977,1.2048
2024-03-26,23.411800384521484,1.1833
2024-03-27,23.17729949951172,1.2031
2024-03-28,23.508699417114254,1.1877
2024-03-29,23.508699417114254,1.1877
2024-04-01,23.50900077819824,1.1743
2024-04-02,23.95680046081543,1.1675
2024-04-03,23.61750030517578,1.1842
2024-04-08,23.51490020751953,1.1906
2024-04-09,23.758699417114254,1.1799
2024-04-10,24.25550079345703,1.154
2024-04-11,24.195199966430664,1.1562
2024-04-12,23.82690048217773,1.1748
2024-04-15,23.526899337768555,1.1907
2024-04-16,23.000900268554688,1.2181
2024-04-17,23.01099967956543,1.2186
2024-04-18,23.192800521850582,1.2091
2024-04-19,22.79170036315918,1.2286
2024-04-22,23.44260025024414,1.1899
2024-04-23,24.115100860595703,1.1534
2024-04-24,24.853900909423828,1.1172
2024-04-25,24.71080017089844,1.1261
2024-04-26,25.566499710083008,1.089
2024-04-29,25.50069999694824,1.0887
2024-04-30,25.4960994720459,1.0913
2024-05-06,27.125,1.0245
2024-05-07,26.81279945373535,1.0373
2024-05-08,26.388399124145508,1.0517
2024-05-09,27.175600051879883,1.0267
2024-05-10,27.294700622558597,1.0225
2024-05-13,27.61240005493164,1.0096
2024-05-14,26.355600357055664,1.0044
2024-05-15,26.355600357055664,1.0044
2024-05-16,26.805700302124023,1.0076
2024-05-17,26.74930000305176,1.3941
2024-05-20,26.89579963684082,1.077
2024-05-21,25.8572998046875,1.1161
2024-05-22,25.526100158691406,1.111
2024-05-23,25.099199295043945,1.1511
2024-05-24,24.597000122070312,1.1741
2024-05-27,24.85810089111328,1.1612
2024-05-28,24.90399932861328,1.1577
2024-05-29,24.4650993347168,1.1826
2024-05-30,24.31570053100586,1.1982
2024-05-31,23.86199951171875,1.2339
2024-06-03,24.582500457763672,1.1767
2024-06-04,24.79450035095215,1.2199
2024-06-05,24.91670036315918,1.2146
2024-06-06,24.824199676513672,1.1427
2024-06-07,24.46030044555664,1.1374
2024-06-11,24.35059928894043,1.2489
2024-06-12,24.08639907836914,1.2624
2024-06-13,24.65959930419922,1.234
2024-06-14,24.51140022277832,1.2166
2024-06-17,24.576099395751957,1.2316
2024-06-18,24.432100296020508,1.2392
2024-06-19,25.175500869750977,1.2117
2024-06-20,24.89389991760254,1.2258
2024-06-21,24.48189926147461,1.2531
2024-06-24,24.39349937438965,1.2068
2024-06-25,24.38349914550781,1.2078
2024-06-26,24.421499252319336,1.2414
2024-06-27,23.77829933166504,1.2735
2024-06-28,23.62540054321289,1.2488
2024-07-01,23.625600814819336,1.2488
2024-07-02,23.41679954528809,1.2595
2024-07-03,23.94809913635254,1.23
2024-07-04,24.090599060058597,1.2231
2024-07-05,23.93829917907715,1.2312
2024-07-08,23.69960021972656,1.2435
2024-07-09,23.86000061035156,1.2352
2024-07-10,23.70050048828125,1.2436
2024-07-11,24.22769927978516,1.217
2024-07-12,24.88640022277832,1.1835
2024-07-15,24.390600204467773,1.1062
2024-07-16,23.949800491333008,1.1278
2024-07-17,23.90069961547852,1.131
2024-07-18,23.854400634765625,1.1351
2024-07-19,23.461200714111328,1.1553
2024-07-22,23.99370002746582,1.1287
2024-07-23,23.48909950256348,1.1524
2024-07-24,23.10269927978516,1.1715
2024-07-25,22.586200714111328,1.1775
2024-07-26,22.795000076293945,1.1674
2024-07-29,22.959199905395508,1.1073
2024-07-30,22.56559944152832,1.1263
2024-07-31,23.156299591064453,1.1894
2024-08-01,23.14520072937012,1.2074
2024-08-02,22.58810043334961,1.218
2024-08-05,22.42300033569336,1.2261
2024-08-06,22.35650062561035,1.2269
2024-08-07,22.546199798583984,1.2067
2024-08-08,22.79640007019043,1.1999
2024-08-09,23.080299377441406,1.1881
2024-08-12,23.161399841308597,1.1584
2024-08-13,23.112699508666992,1.1847
2024-08-14,21.486799240112305,1.1984
2024-08-15,21.36260032653809,1.2038
2024-08-16,21.712299346923828,1.1848
2024-08-19,21.791099548339844,1.1794
2024-08-20,21.361799240112305,1.1857
2024-08-21,20.75489997863769,1.1883
2024-08-22,21.012399673461918,1.1709
2024-08-23,20.847299575805664,1.1811
2024-08-26,21.136199951171875,1.164
2024-08-27,20.99399948120117,1.1622
2024-08-28,20.1742000579834,1.1817
2024-08-29,20.97640037536621,1.1635
2024-08-30,21.43869972229004,1.1201
2024-09-02,21.11440086364746,1.1363
2024-09-03,21.204500198364254,1.1636
2024-09-04,21.019100189208984,1.1751
2024-09-05,21.085599899291992,1.1724
2024-09-06,21.085599899291992,1.1724
2024-09-09,20.893199920654297,1.1412
2024-09-10,20.69529914855957,1.5645
2024-09-11,21.13909912109375,1.5595
2024-09-12,21.17840003967285,1.563
2024-09-13,21.33049964904785,1.5525
2024-09-18,21.694299697875977,1.5194
2024-09-19,22.203100204467773,1.4919
2024-09-20,22.437400817871094,1.4923
2024-09-23,22.31489944458008,1.5006
2024-09-24,23.16270065307617,1.446
2024-09-25,23.28809928894043,1.4379
2024-09-26,24.65679931640625,1.3547
2024-09-27,25.644800186157227,1.3023
2024-09-30,26.573699951171875,1.2583
2024-10-08,26.53610038757324,1.2482
2024-10-09,26.240800857543945,1.2799
2024-10-10,26.80389976501465,1.2546
2024-10-11,26.80389976501465,1.2546
2024-10-14,26.327899932861328,1.2761
2024-10-15,25.19879913330078,1.3344
2024-10-16,25.058500289916992,1.3407
2024-10-17,24.83760070800781,1.3532
2024-10-18,26.192800521850582,1.2876
2024-10-21,25.748699188232425,1.3077
2024-10-22,25.90369987487793,1.2993
2024-10-23,26.492900848388672,1.2705
2024-10-24,25.920900344848636,1.2994
2024-10-25,26.146499633789062,1.2889
2024-10-28,25.780500411987305,1.5498
2024-10-29,25.87430000305176,1.5418
2024-10-30,25.27869987487793,1.5726
2024-10-31,24.928300857543945,1.6101
2024-11-01,25.23480033874512,1.5877
2024-11-04,25.452299118041992,1.576
2024-11-05,26.105499267578125,1.5365
2024-11-06,25.442800521850582,1.5754
2024-11-07,25.845399856567383,1.5464
2024-11-08,25.56570053100586,1.565
2024-11-11,25.380199432373047,1.5775
2024-11-12,24.75609970092773,1.6276
2024-11-13,23.690200805664062,1.6278
2024-11-14,23.159099578857425,1.6588
2024-11-15,22.19260025024414,1.667
2024-11-18,22.205400466918945,1.6632
2024-11-19,22.179000854492188,1.656
2024-11-20,22.27090072631836,1.6432
2024-11-21,22.09199905395508,1.6566
2024-11-22,21.55579948425293,1.6985
2024-11-25,21.46689987182617,1.7056
2024-11-26,21.515899658203125,1.7072
2024-11-27,22.17110061645508,1.6668
2024-11-28,21.860700607299805,1.689
2024-11-29,21.45059967041016,1.6766
2024-12-02,21.62649917602539,1.6626
2024-12-03,21.75950050354004,1.6515
2024-12-04,21.67329978942871,1.6585
2024-12-05,21.497699737548828,1.6716
2024-12-06,21.92300033569336,1.6411
2024-12-09,22.58690071105957,1.5688
2024-12-10,22.29850006103516,1.6088
2024-12-11,22.13129997253418,1.6208
2024-12-12,22.47559928894043,1.5962
2024-12-13,21.97879981994629,1.6305
2024-12-16,21.64940071105957,1.655
2024-12-17,21.51490020751953,1.6673
2024-12-18,21.820199966430664,1.645
2024-12-19,21.86969947814941,1.64
2024-12-20,21.97570037841797,1.6311
2024-12-23,21.90439987182617,1.4422
2024-12-24,22.131500244140625,1.4285
2024-12-25,22.131500244140625,1.4285
2024-12-26,22.131500244140625,1.4285
2024-12-27,22.15410041809082,1.4277
2024-12-30,22.08329963684082,1.4314
2024-12-31,22.009300231933597,1.4364
2025-01-02,21.660400390625,1.4581
2025-01-03,21.845800399780277,1.4454
2025-01-06,21.685800552368164,1.4562
2025-01-07,21.04319953918457,1.5062
2025-01-08,20.651100158691406,1.5367
2025-01-09,20.77120018005371,1.5284
2025-01-10,20.50469970703125,1.5474
2025-01-13,20.243099212646484,1.5666
2025-01-14,20.82040023803711,1.5241
2025-01-15,20.90730094909668,1.5178
2025-01-16,21.11079978942871,1.5035
2025-01-17,21.235300064086918,1.4972
2025-01-20,21.77939987182617,1.4592
2025-01-21,22.01740074157715,1.4453
2025-01-22,21.63260078430176,1.4716
2025-01-23,21.423999786376957,1.4843
2025-01-24,21.941699981689453,1.4487
2025-01-27,22.12540054321289,1.4353
2025-02-05,23.292699813842773,1.3595
2025-02-06,23.86199951171875,1.3324
2025-02-07,24.386199951171875,1.3046
2025-02-10,24.993000030517575,1.2706
2025-02-11,24.51799964904785,1.2971
2025-02-12,25.452800750732425,1.2496
2025-02-13,25.296300888061523,1.2554
2025-02-14,26.88330078125,1.1805
2025-02-17,27.09569931030273,1.1689
2025-02-18,27.81859970092773,1.139
2025-02-19,27.761199951171875,1.1429
