,PE_TTM,DIVIDENDYIELD2,CLOSE
2021-11-18,4.690400123596191,6.825,1259.0077
2021-11-19,4.7118000984191895,6.7969,1272.9174
2021-11-22,4.689099788665772,6.8206,1259.9958
2021-11-23,4.693900108337402,6.8083,1265.3099
2021-11-24,4.708199977874756,6.7884,1274.9245
2021-11-25,4.701099872589111,6.8664,1278.1131
2021-11-26,4.628300189971924,6.9734,1251.9388
2021-11-29,4.603899955749512,7.0057,1250.0787
2021-11-30,4.559100151062012,7.0581,1239.7961
2021-12-01,4.61299991607666,6.9406,1252.1297
2021-12-02,4.681900024414063,6.8868,1267.8065
2021-12-03,4.732200145721436,6.8002,1285.2322
2021-12-06,4.735300064086914,6.8006,1281.608
2021-12-07,4.750800132751465,6.7618,1296.5924
2021-12-08,4.720900058746338,6.7961,1295.8443
2021-12-09,4.748600006103516,6.7492,1310.1251
2021-12-10,4.73330020904541,6.7805,1300.7845
2021-12-13,4.458399772644043,7.7572,1286.2436
2021-12-14,4.420100212097168,7.8326,1253.6721
2021-12-15,4.433499813079834,7.7785,1253.8938
2021-12-16,4.440100193023682,7.7676,1270.6666
2021-12-17,4.442299842834473,7.7491,1255.7635
2021-12-20,4.40939998626709,7.8265,1222.6722
2021-12-21,4.40910005569458,7.809,1235.6255
2021-12-22,4.425000190734863,7.7946,1236.641
2021-12-23,4.477399826049805,7.697,1258.0733
2021-12-24,4.49560022354126,7.6544,1256.3445
2021-12-27,4.49560022354126,7.6544,1256.3445
2021-12-28,4.526400089263916,7.6087,1264.6995
2021-12-29,4.519199848175049,7.6253,1253.1048
2021-12-30,4.501200199127197,7.7,1240.8943
2021-12-31,4.493800163269043,7.7131,1241.981
2022-01-04,4.5690999031066895,7.5809,1257.7452
2022-01-05,4.667799949645996,7.4561,1263.0072
2022-01-06,4.638899803161621,7.504,1252.641
2022-01-07,4.697700023651123,7.42,1270.4256
2022-01-10,4.763700008392334,7.303,1295.8716
2022-01-11,4.789599895477295,7.2556,1305.9305
2022-01-12,4.802199840545654,7.2341,1306.8887
2022-01-13,4.863699913024902,7.1716,1315.0312
2022-01-14,4.855500221252441,7.1821,1304.9435
2022-01-17,4.829699993133545,7.2287,1291.6467
2022-01-18,4.843900203704834,7.202,1300.5737
2022-01-19,4.875100135803223,7.1627,1323.4412
2022-01-20,4.891200065612793,7.1394,1340.1842
2022-01-21,4.9197998046875,7.0934,1349.6535
2022-01-24,4.94290018081665,7.06,1345.3753
2022-01-25,4.9070000648498535,7.1083,1319.9712
2022-01-26,4.928500175476074,7.0469,1332.0244
2022-01-27,4.912700176239014,7.0896,1314.6373
2022-01-28,4.883399963378906,7.128,1301.1235
2022-02-07,5.071599960327148,6.846,1349.9999
2022-02-08,5.098100185394287,6.8269,1351.314
2022-02-09,5.144299983978272,6.7355,1370.5233
2022-02-10,5.162700176239014,6.7249,1401.0121
2022-02-11,5.202400207519531,6.6859,1421.1501
2022-02-14,5.144400119781494,6.7716,1390.2868
2022-02-15,5.023600101470947,6.9213,1364.0709
2022-02-16,5.079800128936768,6.84,1377.4023
2022-02-17,5.077899932861328,6.8574,1380.4452
2022-02-18,5.089900016784668,6.8399,1389.575
2022-02-21,5.122200012207031,6.7893,1388.4294
2022-02-22,5.053899765014648,6.9083,1373.6169
2022-02-23,5.025400161743164,6.9396,1356.589
2022-02-24,4.9278998374938965,7.0689,1316.7078
2022-02-25,4.851799964904785,7.1701,1304.1309
2022-02-28,4.8927001953125,7.139,1305.4594
2022-03-01,4.895999908447266,7.1276,1313.9316
2022-03-02,4.828999996185303,7.237,1286.8508
2022-03-03,4.891200065612793,7.1454,1310.8473
2022-03-04,4.863900184631348,7.2002,1295.1187
2022-03-07,4.772500038146973,7.3535,1274.4484
2022-03-08,4.71019983291626,7.4693,1240.1624
2022-03-09,4.665299892425537,7.448,1224.4565
2022-03-10,4.737500190734863,7.3256,1241.8036
2022-03-11,4.72189998626709,7.3757,1226.9556
2022-03-14,4.649099826812744,7.5175,1164.9875
2022-03-15,4.456500053405762,7.8519,1084.738
2022-03-16,4.537799835205078,7.7263,1136.9884
2022-03-17,4.756400108337402,7.3694,1244.3278
2022-03-18,4.807400226593018,7.2359,1248.9833
2022-03-21,4.7718000411987305,7.2931,1236.7017
2022-03-22,4.854100227355957,7.1618,1266.3891
2022-03-23,4.832399845123291,7.1646,1266.7763
2022-03-24,4.863399982452393,7.1083,1262.7436
2022-03-25,4.848499774932861,7.132,1254.7859
2022-03-28,4.888999938964844,7.0724,1266.7096
2022-03-29,4.849699974060059,7.0487,1262.5588
2022-03-30,4.7891998291015625,6.9752,1289.2099
2022-03-31,4.859399795532227,6.9881,1280.3888
2022-04-01,4.898900032043457,6.934,1293.3551
2022-04-06,4.919099807739258,6.8675,1319.6131
2022-04-07,4.888999938964844,6.92,1300.6922
2022-04-08,4.911600112915039,6.8759,1315.3955
2022-04-11,4.865499973297119,6.9702,1287.2664
2022-04-12,4.840400218963623,7.0069,1278.144
2022-04-13,4.877099990844727,6.9492,1289.2161
2022-04-14,4.8881001472473145,6.9245,1306.1779
2022-04-15,4.889900207519531,6.9245,1306.1779
2022-04-18,4.889900207519531,6.9245,1306.1779
2022-04-19,4.867199897766113,6.9637,1293.7693
2022-04-20,4.827400207519531,7.0316,1271.665
2022-04-21,4.8225998878479,7.08,1256.2943
2022-04-22,4.820300102233887,7.0872,1263.0463
2022-04-25,4.698999881744385,7.2956,1219.4068
2022-04-26,4.6392998695373535,7.4645,1206.3435
2022-04-27,4.627299785614014,7.4439,1216.6208
2022-04-28,4.725599765777588,7.2938,1247.2037
2022-04-29,4.641200065612793,7.274,1254.0351
2022-05-05,4.611199855804443,6.6561,1242.7713
2022-05-06,4.5345001220703125,6.7772,1210.9806
2022-05-09,4.5345001220703125,6.7772,1210.9806
2022-05-10,4.488399982452393,6.8418,1196.4515
2022-05-11,4.487800121307373,6.8311,1193.2378
2022-05-12,4.425099849700928,6.941,1171.7096
2022-05-13,4.500100135803223,6.8203,1194.1526
2022-05-16,4.508299827575684,6.7989,1202.9497
2022-05-17,4.546299934387207,6.7381,1218.8246
2022-05-18,4.5619001388549805,6.6246,1227.42
2022-05-19,4.540500164031982,6.5602,1216.8735
2022-05-20,4.620699882507324,6.4471,1236.6335
2022-05-23,4.616000175476074,6.4771,1236.6838
2022-05-24,4.60890007019043,6.6172,1228.7054
2022-05-25,4.623300075531006,7.4877,1235.646
2022-05-26,4.619999885559082,7.486,1235.087
2022-05-27,4.678999900817871,7.3747,1246.3933
2022-05-30,4.670400142669678,7.0762,1239.6638
2022-05-31,4.683199882507324,7.1911,1250.2967
2022-06-01,4.666299819946289,6.8071,1245.6563
2022-06-02,4.636099815368652,6.7609,1237.0021
2022-06-06,4.6605000495910645,6.3456,1234.1765
2022-06-07,4.616799831390381,6.507,1229.0315
2022-06-08,4.611299991607666,6.5289,1232.293
2022-06-09,4.582200050354004,7.4413,1224.7298
2022-06-10,4.553100109100342,7.3696,1213.5118
2022-06-13,4.40500020980835,7.4696,1195.8557
2022-06-14,4.407100200653076,7.4643,1195.8699
2022-06-15,4.390100002288818,7.5933,1172.0817
2022-06-16,4.322199821472168,7.7229,1143.9102
2022-06-17,4.3302998542785645,7.651,1135.68
2022-06-20,4.312300205230713,7.6082,1136.0837
2022-06-21,4.392300128936768,7.4809,1152.1025
2022-06-22,4.32420015335083,7.5999,1134.9254
2022-06-23,4.337399959564209,7.5805,1142.9871
2022-06-24,4.330100059509277,7.5496,1143.7417
2022-06-27,4.3719000816345215,7.5741,1161.0294
2022-06-28,4.434199810028076,7.4725,1180.2829
2022-06-29,4.339700222015381,9.1639,1161.4438
2022-06-30,4.341100215911865,9.145,1158.7013
2022-07-01,4.341100215911865,9.0108,1158.7013
2022-07-04,4.256700038909912,10.1091,1142.1984
2022-07-05,4.257999897003174,10.1769,1139.182
2022-07-06,4.1834001541137695,10.0939,1115.4375
2022-07-07,4.128399848937988,10.6677,1113.1245
2022-07-08,4.134099960327148,8.8782,1119.3733
2022-07-11,4.099100112915039,8.9455,1100.6336
2022-07-12,4.082200050354004,8.98,1095.7089
2022-07-13,4.032599925994873,9.0828,1077.1768
2022-07-14,3.979599952697754,9.1831,1069.2232
2022-07-15,3.928400039672852,9.3241,1050.8321
2022-07-18,4.039700031280518,9.0699,1076.2734
2022-07-19,4.030099868774414,9.0936,1074.8809
2022-07-20,4.047299861907959,9.048,1078.2172
2022-07-21,3.995300054550171,9.174,1059.975
2022-07-22,4.003699779510498,9.1583,1058.1982
2022-07-25,4.02269983291626,9.1293,1059.4541
2022-07-26,4.061200141906738,9.038,1079.8899
2022-07-27,4.052700042724609,9.0251,1068.6448
2022-07-28,4.052999973297119,9.025,1072.782
2022-07-29,4.03849983215332,9.0584,1058.725
2022-08-01,4.039999961853027,9.1436,1053.3354
2022-08-02,3.962300062179565,9.3331,1030.7849
2022-08-03,3.942300081253052,9.376,1030.1012
2022-08-04,4.011799812316895,9.2789,1033.8003
2022-08-05,4.029099941253662,9.2243,1041.6415
2022-08-08,4.047299861907959,9.1886,1046.2269
2022-08-09,4.059000015258789,9.1697,1046.7924
2022-08-10,4.028200149536133,9.2405,1033.3706
2022-08-11,4.057199954986572,9.1373,1051.0607
2022-08-12,4.088500022888184,9.0819,1061.835
2022-08-15,4.053699970245361,9.1129,1047.046
2022-08-16,4.020599842071533,9.155,1055.1162
2022-08-17,4.043000221252441,9.1056,1060.6376
2022-08-18,4.014599800109863,9.1749,1050.7868
2022-08-19,4.040299892425537,9.109,1061.7109
2022-08-22,4.049099922180176,9.0724,1065.7892
2022-08-23,4.072199821472168,9.1089,1067.141
2022-08-24,4.05109977722168,9.1677,1062.7078
2022-08-25,4.053500175476074,9.0288,1087.827
2022-08-26,4.0680999755859375,8.356,1093.1127
2022-08-29,4.083899974822998,8.477,1083.3609
2022-08-30,4.199399948120117,8.5085,1076.9295
2022-08-31,4.188399791717529,8.5396,1068.5111
2022-09-01,4.156499862670898,8.6596,1057.6487
2022-09-02,4.125699996948242,8.7511,1044.1467
2022-09-05,4.140999794006348,8.4637,1059.5223
2022-09-06,4.105400085449219,10.108,1061.0265
2022-09-07,4.085999965667725,10.0991,1053.1051
2022-09-08,4.038400173187256,10.2963,1038.132
2022-09-09,4.1132001876831055,10.0814,1057.4113
2022-09-13,4.123199939727783,9.9413,1060.7755
2022-09-14,4.077000141143799,10.0455,1046.5691
2022-09-15,4.072500228881836,9.6761,1043.1585
2022-09-16,4.04610013961792,9.7409,1028.9743
2022-09-19,4.039100170135498,9.762,1017.9625
2022-09-20,4.047500133514404,9.7394,1023.9365
2022-09-21,4.033299922943115,9.7901,1015.7776
2022-09-22,4.019000053405762,9.7763,1004.623
2022-09-23,4.017499923706055,9.7554,987.203
2022-09-26,3.944299936294556,9.9401,962.0591
2022-09-27,3.923500061035156,10.003,962.896
2022-09-28,3.819499969482422,10.3007,926.6084
2022-09-29,3.7825000286102295,10.4164,909.064
2022-09-30,3.848599910736084,10.259,921.4328
2022-10-10,3.867799997329712,10.169,913.8021
2022-10-11,3.8315000534057617,10.2564,907.6091
2022-10-12,3.813699960708618,10.3054,899.8753
2022-10-13,3.788000106811523,10.3732,892.8518
2022-10-14,3.806900024414064,10.3497,903.7578
2022-10-17,3.829799890518189,10.3018,901.9994
2022-10-18,3.8513998985290527,10.2468,910.4644
2022-10-19,3.839200019836426,10.2876,903.6503
2022-10-20,3.849400043487549,10.2809,898.2395
2022-10-21,3.874500036239624,10.2415,907.7715
2022-10-24,3.766900062561035,10.5178,868.5608
2022-10-25,3.78570008277893,10.51,873.8691
2022-10-26,3.763999938964844,10.5328,872.9012
2022-10-27,3.765199899673462,10.5229,870.7644
2022-10-28,3.813600063323975,10.673,850.5924
2022-10-31,3.6749000549316406,11.02,817.9867
2022-11-01,3.716300010681152,10.8937,838.928
2022-11-02,3.7648000717163086,10.7394,851.201
2022-11-03,3.704699993133545,10.9102,834.8661
2022-11-04,3.7994000911712646,10.6452,864.9957
2022-11-07,3.876899957656861,10.3435,890.9708
2022-11-08,3.890199899673462,10.3123,888.429
2022-11-09,3.905100107192993,10.2641,893.1104
2022-11-10,3.86989998817444,10.4521,881.6272
2022-11-11,3.998800039291382,10.0855,924.0216
2022-11-14,4.00570011138916,10.0324,945.8255
2022-11-15,4.069699764251709,9.8708,963.9503
2022-11-16,4.0355000495910645,9.9527,953.5889
2022-11-17,4.013800144195557,10.0047,941.5098
2022-11-18,3.971499919891357,10.1148,930.4332
2022-11-21,3.9718000888824463,10.1262,924.2499
2022-11-22,4.026599884033203,10.0052,928.6457
2022-11-23,4.052199840545654,9.9611,932.5381
2022-11-24,4.086699962615967,9.9464,949.0996
2022-11-25,4.150100231170654,9.8413,962.7039
2022-11-28,4.071599960327148,9.9189,943.9334
2022-11-29,4.161300182342529,9.7234,971.5597
2022-11-30,4.2006001472473145,9.6593,990.0006
2022-12-01,4.166800022125244,9.7131,979.5337
2022-12-02,4.101799964904785,9.8484,958.2532
2022-12-05,4.169600009918213,9.6575,987.3647
2022-12-06,4.186299800872803,9.6349,994.2904
2022-12-07,4.105899810791016,9.8357,967.4985
2022-12-08,4.145199775695801,9.7307,986.1053
2022-12-09,4.190100193023682,9.6336,1011.65
2022-12-12,4.111299991607666,9.8382,1003.5116
2022-12-13,4.113999843597412,9.809,1004.1791
2022-12-14,4.12939977645874,9.7912,1006.9727
2022-12-15,4.123000144958496,9.819,1006.8055
2022-12-16,4.138899803161621,9.7543,1020.3485
2022-12-19,4.10129976272583,9.8497,998.878
2022-12-20,4.0843000411987305,9.9118,986.3843
2022-12-21,4.097700119018555,9.8888,984.8271
2022-12-22,4.140999794006348,9.7796,991.1299
2022-12-23,4.121699810028076,9.8205,987.3267
2022-12-26,4.121699810028076,9.8205,987.3267
2022-12-27,4.121699810028076,9.8205,987.3267
2022-12-28,4.224899768829346,9.6075,1002.7053
2022-12-29,4.19890022277832,9.6733,993.2386
2022-12-30,4.210599899291992,9.6325,997.4998
2023-01-03,4.254799842834473,9.4797,1010.5293
2023-01-04,4.306600093841553,9.3488,1019.5937
2023-01-05,4.307300090789795,9.3384,1023.0413
2023-01-06,4.313799858093262,9.3318,1028.5138
2023-01-09,4.326399803161621,9.3082,1040.948
2023-01-10,4.323100090026856,9.3219,1036.4893
2023-01-11,4.353899955749512,9.271,1048.1972
2023-01-12,4.397600173950195,9.1845,1050.3826
2023-01-13,4.437099933624268,9.1034,1055.5568
2023-01-16,4.468200206756592,9.0621,1063.3651
2023-01-17,4.447999954223633,9.1189,1057.9897
2023-01-18,4.479100227355957,9.0583,1066.3275
2023-01-19,4.454100131988525,9.076,1066.6375
2023-01-20,4.531099796295166,8.9201,1091.5283
2023-01-30,4.553299903869629,8.8605,1094.8363
2023-01-31,4.523600101470947,8.9372,1085.6278
2023-02-01,4.543399810791016,8.8695,1104.3692
2023-02-02,4.526899814605713,8.9159,1099.1369
2023-02-03,4.472799777984619,9.0117,1083.0897
2023-02-06,4.423600196838379,9.1065,1065.3437
2023-02-07,4.447400093078613,9.072,1073.1511
2023-02-08,4.470200061798096,9.0221,1082.4963
2023-02-09,4.468800067901611,9.0136,1084.1103
2023-02-10,4.450200080871582,9.0431,1076.0789
2023-02-13,4.441699981689453,9.0659,1071.8536
2023-02-14,4.447500228881836,9.0455,1073.5716
2023-02-15,4.4095001220703125,9.1333,1058.2072
2023-02-16,4.418900012969971,9.0965,1058.4395
2023-02-17,4.42080020904541,9.1061,1057.3297
2023-02-20,4.474800109863281,8.9697,1069.456
2023-02-21,4.487100124359131,8.9395,1075.4192
2023-02-22,4.457699775695801,9.0089,1065.8036
2023-02-23,4.4552001953125,9.0272,1064.4231
2023-02-24,4.424499988555908,9.1039,1057.1524
2023-02-27,4.389900207519531,9.195,1046.7841
2023-02-28,4.36460018157959,9.2184,1031.952
2023-03-01,4.474500179290772,8.972,1061.9359
2023-03-02,4.511099815368652,8.9139,1064.8836
2023-03-03,4.563700199127197,8.8102,1081.2024
2023-03-06,4.620999813079834,8.6842,1086.726
2023-03-07,4.658999919891357,8.6629,1094.3533
2023-03-08,4.605999946594238,8.7792,1077.2196
2023-03-09,4.589600086212158,8.7626,1064.1305
2023-03-10,4.504199981689453,8.9717,1045.1679
2023-03-13,4.6321001052856445,8.7198,1069.0646
2023-03-14,4.548500061035156,8.8818,1048.1025
2023-03-15,4.6371002197265625,8.7523,1064.3651
2023-03-16,4.585299968719482,8.8507,1046.2467
2023-03-17,4.674200057983398,8.6598,1069.0394
2023-03-20,4.595699787139893,8.8457,1044.45
2023-03-21,4.5671000480651855,8.905,1044.2847
2023-03-22,4.622900009155273,8.7884,1054.4192
2023-03-23,4.683800220489502,8.7258,1066.1705
2023-03-24,4.642199993133545,8.8397,1056.9171
2023-03-27,4.596499919891357,8.9304,1045.8733
2023-03-28,4.646900177001953,8.8713,1047.7932
2023-03-29,4.56309986114502,8.8224,1045.2831
2023-03-30,4.545000076293945,8.7854,1062.0988
2023-03-31,4.622499942779541,8.7785,1057.97
2023-04-03,4.621399879455566,8.7522,1054.8828
2023-04-04,4.679500102996826,8.6562,1060.2157
2023-04-06,4.678500175476074,8.6452,1054.4305
2023-04-07,4.678500175476074,8.6452,1054.4305
2023-04-10,4.678500175476074,8.6451,1054.4305
2023-04-11,4.71619987487793,8.5854,1068.8519
2023-04-12,4.753600120544434,8.5279,1077.0984
2023-04-13,4.774400234222412,8.4901,1080.2974
2023-04-14,4.812399864196777,8.4185,1090.1517
2023-04-17,4.92140007019043,8.2376,1108.2786
2023-04-18,4.909999847412109,8.2585,1105.5874
2023-04-19,4.867599964141846,8.3552,1093.1278
2023-04-20,4.857399940490723,8.364,1093.8801
2023-04-21,4.827400207519531,8.4148,1087.4275
2023-04-24,4.803599834442139,8.4583,1081.0087
2023-04-25,4.820700168609619,8.4418,1077.1196
2023-04-26,4.813499927520752,8.5382,1075.2428
2023-04-27,4.82859992980957,8.4498,1078.1717
2023-04-28,4.837399959564209,8.4024,1088.6317
2023-05-04,4.87690019607544,8.3104,1093.1663
2023-05-05,4.91480016708374,8.258,1101.146
2023-05-08,5.09060001373291,8.0138,1132.683
2023-05-09,5.033199787139893,8.1197,1122.2513
2023-05-10,4.946800231933594,8.2277,1111.4594
2023-05-11,4.918700218200684,8.2775,1106.0453
2023-05-12,4.829999923706055,8.4379,1084.2199
2023-05-15,4.893199920654297,8.3472,1093.5192
2023-05-16,4.888000011444092,8.3808,1090.9296
2023-05-17,4.805399894714356,8.5267,1068.9119
2023-05-18,4.894400119781494,8.3675,1077.5599
2023-05-19,4.866700172424316,8.3887,1070.1972
2023-05-22,4.881800174713135,8.4306,1068.3225
2023-05-23,4.814300060272217,8.7202,1053.3826
2023-05-24,4.7480998039245605,8.6292,1040.3988
2023-05-25,4.678999900817871,8.556,1023.1269
2023-05-26,4.678999900817871,7.6281,1023.1269
2023-05-29,4.694699764251709,7.6269,1017.6313
2023-05-30,4.670899868011475,7.6521,1011.4422
2023-05-31,4.5680999755859375,7.7598,983.5978
2023-06-01,4.546000003814697,7.6809,975.9497
2023-06-02,4.6350998878479,7.5968,998.6322
2023-06-05,4.682600021362305,7.5623,1001.3875
2023-06-06,4.704500198364258,7.5573,1006.8825
2023-06-07,4.700500011444092,8.4413,1004.9949
2023-06-08,4.742700099945068,8.9135,1016.2855
2023-06-09,4.777100086212158,8.8341,1020.3511
2023-06-12,4.593599796295166,8.3786,1015.4961
2023-06-13,4.537499904632568,8.4779,1010.8779
2023-06-14,4.490499973297119,8.5724,1002.1558
2023-06-15,4.519700050354004,8.5189,1014.6602
2023-06-16,4.543000221252441,8.3307,1025.4738
2023-06-19,4.540200233459473,8.3155,1016.929
2023-06-20,4.497300148010254,8.457,1006.1555
2023-06-21,4.454599857330322,8.678,990.3588
2023-06-26,4.392300128936768,8.858,971.3726
2023-06-27,4.459099769592285,8.7327,997.3511
2023-06-28,4.467100143432617,8.6209,1000.8155
2023-06-29,4.431000232696533,8.6846,986.3274
2023-06-30,4.469200134277344,6.5417,998.6832
2023-07-03,4.532599925994873,6.6536,1016.2383
2023-07-04,4.508200168609619,6.9348,1015.1684
2023-07-05,4.424600124359131,6.3169,997.7997
2023-07-06,4.210100173950195,9.4715,971.559
2023-07-07,4.163300037384033,9.5614,964.6478
2023-07-10,4.117899894714356,9.1666,962.9339
2023-07-11,4.125100135803223,9.1478,969.3857
2023-07-12,4.145599842071533,9.108,972.1108
2023-07-13,4.201900005340576,9.0137,982.9111
2023-07-14,4.245999813079834,8.9272,990.385
2023-07-17,4.253799915313721,8.9272,990.385
2023-07-18,4.180200099945068,9.0816,974.1078
2023-07-19,4.193699836730957,9.0477,978.9003
2023-07-20,4.206600189208984,9.0155,980.2854
2023-07-21,4.238100051879883,8.9552,982.8411
2023-07-24,4.171800136566162,9.0894,966.1418
2023-07-25,4.271599769592285,8.871,994.8291
2023-07-26,4.242300033569336,8.9078,991.3731
2023-07-27,4.264200210571289,8.8464,1001.1152
2023-07-28,4.288300037384033,8.7954,1012.4352
2023-07-31,4.320000171661377,8.7719,1027.0618
2023-08-01,4.309299945831299,8.7819,1021.9562
2023-08-02,4.215199947357178,8.9657,1001.8175
2023-08-03,4.321199893951416,8.4713,1000.4846
2023-08-04,4.338399887084961,8.418,1003.1002
2023-08-07,4.356299877166748,8.3868,1002.5837
2023-08-08,4.336100101470947,8.4372,995.2307
2023-08-09,4.357900142669678,8.411,997.6605
2023-08-10,4.383999824523926,8.3724,998.378
2023-08-11,4.35860013961792,8.3969,987.4849
2023-08-14,4.303599834442139,8.4487,974.5507
2023-08-15,4.287000179290772,8.4665,969.6272
2023-08-16,4.225399971008301,8.5964,957.7067
2023-08-17,4.238399982452393,8.6179,957.1102
2023-08-18,4.2220001220703125,8.6956,946.975
2023-08-21,4.164999961853027,8.8058,930.4872
2023-08-22,4.208000183105469,8.7062,942.3293
2023-08-23,4.251200199127197,8.6842,940.8849
2023-08-24,4.283899784088135,8.6591,946.4272
2023-08-25,4.324100017547607,8.6529,949.8728
2023-08-28,4.388999938964844,8.5148,953.8451
2023-08-29,4.478899955749512,8.3922,973.8911
2023-08-30,4.555200099945068,8.3904,973.4077
2023-08-31,4.602499961853027,8.3865,969.5575
2023-09-01,4.602499961853027,9.3349,969.5575
2023-09-04,4.719600200653076,9.1639,1003.5357
2023-09-05,4.66480016708374,9.2795,989.8697
2023-09-06,4.690899848937988,9.2086,994.0822
2023-09-07,4.678999900817871,8.404,985.8123
2023-09-08,4.678899765014648,8.4042,985.8123
2023-09-11,4.675300121307373,8.2032,983.0956
2023-09-12,4.60699987411499,8.3514,971.2983
2023-09-13,4.604599952697754,8.3455,969.8126
2023-09-14,4.68940019607544,8.2061,981.0415
2023-09-15,4.7210001945495605,8.1341,990.4497
2023-09-18,4.686699867248535,8.2076,987.226
2023-09-19,4.758399963378906,8.0897,1003.7705
2023-09-20,4.746799945831299,8.1154,998.2253
2023-09-21,4.718900203704834,8.1601,987.7248
2023-09-22,4.781099796295166,8.0833,1000.8322
2023-09-25,4.739200115203857,8.2128,987.2287
2023-09-26,4.683499813079834,8.3328,976.6288
2023-09-27,4.727799892425537,8.2507,980.8471
2023-09-28,4.705699920654297,8.297,978.4346
2023-10-09,4.661900043487549,8.3697,964.6913
2023-10-10,4.677499771118164,8.3406,966.7941
2023-10-11,4.687900066375732,8.3182,969.4945
2023-10-12,4.79670000076294,8.1505,987.5066
2023-10-13,4.749000072479248,8.2258,974.1574
2023-10-16,4.741899967193604,8.2597,965.5099
2023-10-17,4.785999774932861,8.1987,972.1446
2023-10-18,4.784599781036377,8.1674,970.2113
2023-10-19,4.678299903869629,8.3295,949.3587
2023-10-20,4.64139986038208,8.3882,942.0184
2023-10-23,4.64139986038208,8.3882,942.0184
2023-10-24,4.602700233459473,8.4679,940.6001
2023-10-25,4.56689977645874,8.5436,945.4092
2023-10-26,4.575099945068359,8.473,944.9119
2023-10-27,4.606200218200684,8.4008,959.0698
2023-10-30,4.488500118255615,8.5428,951.0246
2023-10-31,4.472700119018555,8.5955,943.0427
2023-11-01,4.505300045013428,8.5436,947.5256
2023-11-02,4.526299953460693,8.4962,950.3233
2023-11-03,4.565499782562256,8.42,961.3457
2023-11-06,4.528299808502197,8.4565,958.3196
2023-11-07,4.478899955749512,8.5541,947.6664
2023-11-08,4.440999984741211,8.6226,937.237
2023-11-09,4.447400093078613,8.594,936.1145
2023-11-10,4.413099765777588,8.6676,930.696
2023-11-13,4.470799922943115,8.4795,939.2869
2023-11-14,4.481800079345703,8.4624,947.1164
2023-11-15,4.610499858856201,8.231,976.1056
2023-11-16,4.580100059509277,8.3518,969.3871
2023-11-17,4.50439977645874,8.4842,954.6542
2023-11-20,4.581200122833252,8.3459,968.0616
2023-11-21,4.56820011138916,8.371,965.8916
2023-11-22,4.57390022277832,8.3681,964.0617
2023-11-23,4.615499973297119,8.2835,973.7972
2023-11-24,4.563499927520752,8.3724,962.7484
2023-11-27,4.560699939727783,8.3759,959.1853
2023-11-28,4.529799938201904,8.4355,953.3075
2023-11-29,4.491499900817871,8.5037,943.4513
2023-11-30,4.532599925994873,8.4181,949.601
2023-12-01,4.480599880218506,8.5278,940.7446
2023-12-04,4.483799934387207,8.5124,935.0287
2023-12-05,4.4243998527526855,8.6199,920.2633
2023-12-06,4.440499782562256,8.5607,927.8577
2023-12-07,4.407400131225586,8.6187,915.7307
2023-12-08,4.411499977111816,8.6192,914.0293
2023-12-11,4.355400085449219,9.3375,912.5007
2023-12-12,4.401100158691406,9.2679,922.2834
2023-12-13,4.372600078582764,9.3489,908.1025
2023-12-14,4.382699966430664,9.3218,913.0793
2023-12-15,4.439799785614014,9.2098,934.7187
2023-12-18,4.415900230407715,9.2722,934.1459
2023-12-19,4.400400161743164,9.3017,929.0898
2023-12-20,4.393400192260742,9.3005,929.9498
2023-12-21,4.421899795532227,9.2567,938.5807
2023-12-22,4.4375,9.2363,946.541
2023-12-25,4.437300205230713,9.2363,946.541
2023-12-26,4.437300205230713,9.2363,946.541
2023-12-27,4.518599987030029,9.0621,954.4964
2023-12-28,4.576000213623047,8.9373,966.6083
2023-12-29,4.6066999435424805,8.8811,972.5249
2024-01-02,4.575200080871582,8.9651,970.9946
2024-01-03,4.589200019836426,8.9599,977.4466
2024-01-04,4.632800102233887,8.884,987.1486
2024-01-05,4.6508002281188965,8.8227,990.3221
2024-01-08,4.600500106811523,8.9229,973.8693
2024-01-09,4.602799892425537,8.9237,966.7618
2024-01-10,4.575399875640869,8.9648,962.6178
2024-01-11,4.559800148010254,8.978,959.7161
2024-01-12,4.584499835968018,8.9241,973.0637
2024-01-15,4.599500179290772,8.8871,978.2273
2024-01-16,4.557700157165527,8.9597,967.8686
2024-01-17,4.432700157165527,9.2122,932.8074
2024-01-18,4.448299884796143,9.1545,942.7184
2024-01-19,4.439199924468994,9.1726,934.1234
2024-01-22,4.35830020904541,9.3402,913.384
2024-01-23,4.418000221252441,9.2196,930.5606
2024-01-24,4.604800224304199,8.8584,970.5258
2024-01-25,4.747399806976318,8.6327,991.2197
2024-01-26,4.731299877166748,8.6603,984.8162
2024-01-29,4.780200004577637,8.5833,992.1194
2024-01-30,4.712800025939941,8.6935,973.6516
2024-01-31,4.699699878692627,8.7352,967.987
2024-02-01,4.672200202941895,8.7943,965.5223
2024-02-02,4.695899963378906,8.7662,962.5464
2024-02-05,4.689300060272217,8.7934,960.0847
2024-02-06,4.800600051879883,8.5797,983.6109
2024-02-07,4.788599967956543,8.6108,983.6021
2024-02-08,4.748600006103516,8.6595,977.736
2024-02-19,4.85260009765625,8.5028,999.2114
2024-02-20,4.921299934387207,8.3827,1013.4873
2024-02-21,4.971499919891357,8.3189,1024.3986
2024-02-22,5.101099967956543,8.1151,1053.2652
2024-02-23,5.091899871826172,8.1361,1055.2654
2024-02-26,5.0304999351501465,8.214,1041.5845
2024-02-27,5.048200130462647,8.182,1044.2122
2024-02-28,4.993500232696533,8.2776,1032.0028
2024-02-29,4.960400104522705,8.3418,1028.132
2024-03-01,4.968400001525879,8.3273,1031.2202
2024-03-04,4.997799873352051,8.2603,1038.9871
2024-03-05,4.954999923706055,8.3236,1025.2668
2024-03-06,5.001699924468994,8.2222,1039.2627
2024-03-07,5.0157999992370605,8.2091,1044.487
2024-03-08,5.06689977645874,8.102,1060.5439
2024-03-11,5.052000045776367,8.1475,1056.0183
2024-03-12,5.081099987030029,8.0874,1063.6117
2024-03-13,5.048500061035156,8.1323,1056.2544
2024-03-14,5.059000015258789,8.1378,1057.7557
2024-03-15,5.013000011444092,8.2273,1045.3846
2024-03-18,5.00190019607544,8.2311,1046.8567
2024-03-19,4.991399765014648,8.2597,1035.8126
2024-03-20,5.011300086975098,8.2229,1043.3137
2024-03-21,5.178299903869629,8.0831,1059.6879
2024-03-22,5.0903000831604,8.1874,1024.0541
2024-03-25,5.088399887084961,8.1835,1025.9774
2024-03-26,5.121099948883057,8.1317,1015.8404
2024-03-27,5.070300102233887,8.23,1007.5966
2024-03-28,4.996600151062012,8.239,1002.8679
2024-03-29,5.061299800872803,8.239,1002.8679
2024-04-01,5.061299800872803,8.2389,1002.8679
2024-04-02,5.206799983978272,8.0168,1030.8863
2024-04-03,5.193999767303467,8.0508,1033.9001
2024-04-08,5.211400032043457,8.0207,1037.436
2024-04-09,5.2052998542785645,8.019,1039.9135
2024-04-10,5.279799938201904,7.9161,1055.0999
2024-04-11,5.281000137329102,7.9166,1060.134
2024-04-12,5.2027997970581055,8.034,1046.8235
2024-04-15,5.254000186920166,7.9729,1051.7338
2024-04-16,5.213399887084961,8.067,1038.3298
2024-04-17,5.243100166320801,8.015,1045.4984
2024-04-18,5.279799938201904,7.9797,1053.7781
2024-04-19,5.309999942779541,7.9462,1059.6293
2024-04-22,5.282199859619141,7.9523,1054.3452
2024-04-23,5.2891998291015625,7.9371,1049.6742
2024-04-24,5.3358001708984375,7.8524,1063.4568
2024-04-25,5.366000175476074,7.7755,1075.7785
2024-04-26,5.397799968719482,7.7246,1084.0246
2024-04-29,5.451000213623047,7.6964,1093.6881
2024-04-30,5.464700222015381,7.6488,1102.0387
2024-05-06,5.480199813842773,7.6071,1124.4533
2024-05-07,5.513599872589111,7.5688,1135.5483
2024-05-08,5.521699905395508,7.5793,1133.4754
2024-05-09,5.573500156402588,7.4925,1154.0774
2024-05-10,5.829599857330322,7.1642,1193.5338
2024-05-13,5.823400020599365,7.1746,1207.1457
2024-05-14,5.752299785614014,7.2528,1191.5326
2024-05-15,5.752299785614014,7.2528,1191.5326
2024-05-16,5.886000156402588,7.1052,1208.8453
2024-05-17,5.917699813842773,7.0793,1217.7196
2024-05-20,5.949699878692627,7.0433,1225.6648
2024-05-21,5.936399936676025,7.1008,1213.3676
2024-05-22,5.925899982452393,7.1527,1208.6088
2024-05-23,5.893799781799316,7.1948,1198.7222
2024-05-24,5.877500057220459,7.1334,1196.3564
2024-05-27,5.953700065612793,6.6662,1219.7556
2024-05-28,5.975599765777588,6.6518,1231.117
2024-05-29,5.913000106811523,6.7192,1222.6911
2024-05-30,5.770100116729736,6.9512,1198.4788
2024-05-31,5.767199993133545,6.8724,1191.9813
2024-06-03,5.829899787902832,6.7988,1206.5979
2024-06-04,5.796199798583984,6.8487,1199.363
2024-06-05,5.750800132751465,6.9959,1185.9738
2024-06-06,5.763299942016602,7.6929,1193.2231
2024-06-07,5.797599792480469,7.627,1198.3212
2024-06-11,5.69980001449585,6.5121,1163.3729
2024-06-12,5.6844000816345215,6.5753,1160.4524
2024-06-13,5.696499824523926,6.932,1162.0882
2024-06-14,5.680600166320801,6.9251,1164.8244
2024-06-17,5.504000186920166,7.2039,1150.9571
2024-06-18,5.544099807739258,7.2095,1161.1916
2024-06-19,5.720900058746338,7.0004,1186.7703
2024-06-20,5.781300067901611,6.9361,1197.7626
2024-06-21,5.688399791717529,6.9648,1180.8303
2024-06-24,5.700399875640869,6.8407,1177.032
2024-06-25,5.7291998863220215,6.8014,1187.6491
2024-06-26,5.71619987487793,6.9278,1179.2975
2024-06-27,5.611100196838379,6.9827,1153.9549
2024-06-28,5.711999893188477,6.8377,1170.9757
2024-07-01,5.711999893188477,6.8377,1170.9757
2024-07-02,5.825699806213379,6.9737,1191.8783
2024-07-03,5.85129976272583,6.9472,1204.8711
2024-07-04,5.863699913024902,8.6211,1212.9336
2024-07-05,5.760000228881836,8.5719,1199.0935
2024-07-08,5.656499862670898,7.034,1184.1958
2024-07-09,5.622099876403809,7.0586,1182.6018
2024-07-10,5.550000190734863,7.1472,1156.4085
2024-07-11,5.6031999588012695,6.9459,1163.1025
2024-07-12,5.681700229644775,6.8527,1173.4429
2024-07-15,5.659299850463867,6.9006,1168.1355
2024-07-16,5.589700222015381,6.9889,1152.6212
2024-07-17,5.474599838256836,7.1336,1135.7274
2024-07-18,5.511600017547607,7.0691,1146.7217
2024-07-19,5.371500015258789,7.2467,1117.4304
2024-07-22,5.411600112915039,7.1867,1126.0594
2024-07-23,5.43809986114502,7.1617,1126.4563
2024-07-24,5.476900100708008,7.1291,1129.9348
2024-07-25,5.364299774169922,7.2763,1102.105
2024-07-26,5.321800231933594,7.3495,1097.9516
2024-07-29,5.401100158691406,7.2475,1109.0565
2024-07-30,5.32859992980957,7.3476,1097.8969
2024-07-31,5.3881001472473145,7.2645,1115.2234
2024-08-01,5.405099868774414,7.2254,1116.5512
2024-08-02,5.374100208282471,7.2757,1108.9954
2024-08-05,5.201200008392334,7.5121,1076.3549
2024-08-06,5.157100200653076,7.5629,1071.5952
2024-08-07,5.241499900817871,7.4427,1090.5769
2024-08-08,5.259600162506104,7.3976,1083.5156
2024-08-09,5.290299892425537,7.3823,1093.2102
2024-08-12,5.323999881744385,7.3475,1097.4853
2024-08-13,5.3541998863220215,7.3193,1099.7441
2024-08-14,5.363399982452393,7.3027,1097.8209
2024-08-15,5.416299819946289,7.2346,1101.9334
2024-08-16,5.4653000831604,7.1425,1113.5503
2024-08-19,5.5218000411987305,7.098,1118.9544
2024-08-20,5.485199928283691,7.1382,1099.7955
2024-08-21,5.456500053405762,7.1484,1098.428
2024-08-22,5.509500026702881,7.1025,1106.0195
2024-08-23,5.528600215911865,7.0843,1097.9056
2024-08-26,5.5605998039245605,7.0049,1105.0052
2024-08-27,5.678100109100342,6.8767,1123.6282
2024-08-28,5.605100154876709,6.9261,1116.5192
2024-08-29,5.498700141906738,7.0271,1110.476
2024-08-30,5.49399995803833,7.0336,1112.9443
2024-09-02,5.43720006942749,7.929,1113.2509
2024-09-03,5.360000133514404,8.0268,1098.2481
2024-09-04,5.278900146484375,8.2999,1083.921
2024-09-05,5.209499835968018,7.3858,1071.6801
2024-09-06,5.209499835968018,7.3454,1071.6801
2024-09-09,5.095300197601318,7.0246,1046.5143
2024-09-10,5.11329984664917,6.9978,1043.4792
2024-09-11,5.027500152587891,7.2408,1023.9101
2024-09-12,5.053500175476074,7.791,1032.0362
2024-09-13,5.1153998374938965,7.6025,1043.3305
2024-09-18,5.214700222015381,7.4423,1059.4573
2024-09-19,5.232100009918213,7.4,1071.2791
2024-09-20,5.287199974060059,7.3497,1084.5535
2024-09-23,5.335700035095215,7.3087,1090.8146
2024-09-24,5.573400020599365,7.0361,1138.8874
2024-09-25,5.6508002281188965,6.9621,1149.289
2024-09-26,5.673399925231934,6.9667,1172.0493
2024-09-27,5.625800132751465,6.9797,1186.4824
2024-09-30,5.6209001541137695,6.9509,1199.1155
2024-10-08,5.652299880981445,6.8834,1207.3725
2024-10-09,5.512599945068359,7.095,1163.189
2024-10-10,5.71560001373291,6.8339,1203.4893
2024-10-11,5.71560001373291,6.8339,1203.4893
2024-10-14,5.799300193786621,6.7531,1212.8882
2024-10-15,5.676799774169922,6.9152,1183.3321
2024-10-16,5.707300186157227,6.8883,1190.8262
2024-10-17,5.63730001449585,6.9634,1173.4419
2024-10-18,5.748199939727783,6.8333,1206.4235
2024-10-21,5.657800197601318,6.9193,1194.8285
2024-10-22,5.658999919891357,6.915,1201.7478
2024-10-23,5.689199924468994,6.8784,1209.1694
2024-10-24,5.6940999031066895,6.8744,1206.0461
2024-10-25,5.651500225067139,6.9197,1203.6868
2024-10-28,5.634600162506104,6.9555,1200.3299
2024-10-29,5.563000202178955,7.0248,1187.4697
2024-10-30,5.382299900054932,7.1387,1167.9333
2024-10-31,5.390500068664551,7.1045,1167.5051
2024-11-01,5.475599765777588,7.0118,1185.4286
2024-11-04,5.463500022888184,7.0433,1185.667
2024-11-05,5.545100212097168,6.9477,1205.7737
2024-11-06,5.440499782562256,7.0734,1186.1669
2024-11-07,5.535600185394287,6.9531,1209.165
2024-11-08,5.479300022125244,7.0226,1195.4157
2024-11-11,5.376200199127197,7.15,1174.6808
2024-11-12,5.278900146484375,7.2857,1153.308
2024-11-13,5.285099983215332,7.2633,1154.7405
2024-11-14,5.21589994430542,7.4613,1130.3423
2024-11-15,5.250699996948242,7.4048,1137.2685
2024-11-18,5.367700099945068,7.2263,1157.9123
2024-11-19,5.36359977722168,7.2191,1160.1717
2024-11-20,5.365300178527832,7.2202,1163.167
2024-11-21,5.339499950408936,7.2495,1159.881
2024-11-22,5.255799770355225,7.3529,1138.5065
2024-11-25,5.260700225830078,7.3437,1134.1135
2024-11-26,5.251399993896484,7.3559,1129.3029
2024-11-27,5.300099849700928,7.2818,1138.6352
2024-11-28,5.238900184631348,7.3664,1121.3729
2024-11-29,5.255099773406982,7.3494,1123.6051
2024-12-02,5.289999961853027,7.3092,1133.0354
2024-12-03,5.381400108337402,7.2071,1149.31
2024-12-04,5.436500072479248,7.1408,1156.0188
2024-12-05,5.406799793243408,7.1758,1149.2955
2024-12-06,5.461599826812744,7.1078,1164.3787
2024-12-09,5.56790018081665,6.971,1190.0299
2024-12-10,5.538099765777588,7.01,1183.793
2024-12-11,5.51609992980957,7.0631,1181.9182
2024-12-12,5.559700012207031,6.9981,1193.4538
2024-12-13,5.480100154876709,7.0892,1180.3736
2024-12-16,5.527599811553955,7.1219,1180.9545
2024-12-17,5.519000053405762,7.1238,1170.7303
2024-12-18,5.551199913024902,7.0784,1184.8401
2024-12-19,5.530200004577637,7.1012,1178.1981
2024-12-20,5.499499797821045,7.1399,1167.4685
2024-12-23,5.625,6.9981,1191.5747
2024-12-24,5.708099842071533,6.9097,1215.4342
2024-12-25,5.708099842071533,6.9097,1215.4342
2024-12-26,5.708099842071533,6.9097,1215.4342
2024-12-27,5.723499774932861,6.8968,1221.6055
2024-12-30,5.734899997711182,6.8853,1228.3863
2024-12-31,5.777999877929688,6.8363,1233.8844
2025-01-02,5.572400093078613,8.1173,1203.8973
2025-01-03,5.609099864959717,8.0863,1213.3443
2025-01-06,5.612500190734863,8.0869,1207.1867
2025-01-07,5.59149980545044,8.1233,1195.1533
2025-01-08,5.593400001525879,8.1338,1184.2589
2025-01-09,5.551599979400635,8.2107,1175.1295
2025-01-10,5.514900207519531,8.2604,1167.6272
2025-01-13,5.494200229644775,8.4497,1166.8305
2025-01-14,5.531799793243408,8.3843,1173.945
2025-01-15,5.559199810028076,8.3427,1175.0007
2025-01-16,5.613500118255615,8.3603,1179.3255
2025-01-17,5.570499897003174,8.4114,1180.0761
2025-01-20,5.580699920654297,8.3943,1177.8688
2025-01-21,5.601500034332275,8.3719,1181.2956
2025-01-22,5.545300006866455,8.4516,1170.8009
2025-01-23,5.609600067138672,8.3773,1179.5432
2025-01-24,5.663700103759766,8.3026,1186.2446
2025-01-27,5.741600036621094,8.2132,1197.546
2025-02-05,5.7052998542785645,8.2738,1182.7327
2025-02-06,5.740300178527832,8.2293,1191.0267
2025-02-07,5.714900016784668,8.2532,1189.8402
2025-02-10,5.768099784851074,8.173,1192.0219
2025-02-11,5.788700103759766,8.1575,1191.5163
2025-02-12,5.883699893951416,8.0242,1203.4207
2025-02-13,5.861999988555908,8.0664,1190.9698
2025-02-14,5.938399791717529,7.9432,1207.4404
2025-02-17,5.984099864959717,7.8856,1219.1802
2025-02-18,6.00029993057251,7.8499,1223.6599
2025-02-19,5.963799953460693,7.8618,1213.919
2025-02-20,5.960700035095215,7.8753,1212.6352
2025-02-21,6.026700019836426,7.7616,1221.2024
2025-02-24,5.992899894714356,7.8342,1215.9773
2025-02-25,5.923500061035156,7.9347,1203.4704
2025-02-26,5.975399971008301,7.9009,1218.2776
2025-02-27,5.970099925994873,7.9218,1218.5126
2025-02-28,5.897200107574463,7.9919,1204.5334
2025-03-03,5.92549991607666,7.9724,1208.4073
2025-03-04,5.895899772644043,7.9884,1205.2085
2025-03-05,6.023099899291992,7.8139,1229.2816
2025-03-06,6.055500030517578,7.7594,1232.3124
2025-03-07,6.070899963378906,7.7326,1237.8312
2025-03-10,6.032800197601318,7.7741,1247.3696
2025-03-11,6.0416998863220215,7.7817,1257.9806
2025-03-12,6.046299934387207,7.799,1261.5634
2025-03-13,6.170400142669678,7.7535,1260.7519
2025-03-14,6.231200218200684,7.6633,1266.9592
2025-03-17,6.263800144195557,7.6352,1279.3454
2025-03-18,6.360799789428711,7.5038,1295.2405
2025-03-19,6.349199771881104,7.5195,1294.3908
2025-03-20,6.29449987411499,7.5973,1286.6956
2025-03-21,6.253900051116943,7.639,1270.76
2025-03-24,6.310400009155273,7.6027,1280.561
2025-03-25,6.246099948883057,7.6848,1268.2501
2025-03-26,6.230500221252441,7.6982,1266.062
2025-03-27,6.249300003051758,7.686,1271.5008
2025-03-28,6.248000144958496,7.7312,1262.8584
2025-03-31,6.303899765014648,7.6432,1260.2554
2025-04-01,6.345399856567383,7.5894,1276.4333
2025-04-02,6.358699798583984,7.5856,1280.7486
2025-04-03,6.301599979400635,7.6524,1259.8874
2025-04-07,5.690400123596191,8.4594,1129.3064
2025-04-08,5.736400127410889,8.4041,1150.2755
2025-04-09,5.7210001945495605,8.466,1150.6539
2025-04-10,5.798600196838379,8.3375,1169.3092
2025-04-11,5.899600028991699,8.2659,1184.1891
2025-04-14,6.009699821472168,8.1258,1209.6384
2025-04-15,6.046999931335449,8.0757,1214.8093
2025-04-16,6.004199981689453,8.1522,1199.3714
2025-04-17,6.065599918365479,8.0625,1208.5885
2025-04-18,6.065599918365479,8.0625,1208.5885
2025-04-21,6.077499866485596,8.0625,1208.5885
2025-04-22,6.095099925994873,8.1975,1212.3432
2025-04-23,6.104400157928467,8.2018,1218.8455
2025-04-24,6.113999843597412,8.2018,1217.2262
2025-04-25,6.121399879455566,8.2046,1219.9556
2025-04-28,6.192599773406982,8.1316,1235.9218
2025-04-29,6.15339994430542,8.1807,1231.1499
2025-04-30,6.086400032043457,9.0782,1235.6195
2025-05-06,6.123499870300293,9.0486,1238.9947
2025-05-07,6.186500072479248,8.9608,1249.8758
2025-05-08,6.202199935913086,8.9272,1248.6822
2025-05-09,6.257699966430664,8.8736,1263.865
2025-05-12,6.3460001945495605,8.7339,1287.2822
2025-05-13,6.367400169372559,8.7568,1293.1144
2025-05-14,6.480800151824951,8.5967,1322.2693
2025-05-15,6.463200092315674,8.6006,1321.5632
2025-05-16,6.447999954223633,8.6022,1325.0591
2025-05-19,6.449100017547607,8.5812,1330.7403
2025-05-20,6.525199890136719,8.4708,1351.2014
2025-05-21,6.562399864196777,8.5591,1361.5877
2025-05-22,6.541999816894531,8.5991,1359.5784
2025-05-23,6.574999809265137,8.5316,1359.7774
2025-05-26,6.5680999755859375,8.5079,1359.352
2025-05-27,6.582399845123291,8.4916,1361.3864
2025-05-28,6.602200031280518,8.4662,1366.5478
2025-05-29,6.621200084686279,8.4453,1369.3323
2025-05-30,6.585599899291992,8.588,1352.4075
2025-06-03,6.664700031280518,8.41,1365.1085
2025-06-04,6.691299915313721,8.4664,1368.9707
2025-06-05,6.7291998863220215,8.4808,1355.9097
2025-06-06,6.71649980545044,9.1158,1350.1285
2025-06-09,6.772900104522705,8.4093,1357.4979
2025-06-10,6.8429999351501465,8.3586,1377.1421
2025-06-11,6.945300102233887,8.2424,1392.8163
2025-06-12,6.9131999015808105,8.6743,1385.5838
2025-06-13,6.941500186920166,8.6217,1405.8683
2025-06-16,6.844099998474121,8.4227,1407.5048
2025-06-17,6.877200126647949,8.5758,1406.0987
2025-06-18,6.854800224304199,8.5904,1403.0465
2025-06-19,6.7378997802734375,8.6655,1373.3652
2025-06-20,6.8292999267578125,8.5408,1384.2461
2025-06-23,6.886499881744385,8.4857,1395.0715
2025-06-24,7.007299900054932,8.367,1404.5847
2025-06-25,7.047800064086914,8.3232,1399.8747
2025-06-26,7.018400192260742,8.4545,1397.1691
2025-06-27,6.953999996185303,8.5971,1391.5292
2025-06-30,6.870999813079834,8.3944,1383.2541
2025-07-01,6.870999813079834,8.3944,1383.2541
2025-07-02,6.9868998527526855,8.2869,1415.4917
2025-07-03,6.936100006103516,8.3056,1420.1052
2025-07-04,6.949299812316895,8.2969,1423.5954
2025-07-07,6.94980001449585,6.8149,1423.7212
2025-07-08,6.967800140380859,6.7931,1416.0727
2025-07-09,6.922999858856201,6.1292,1417.5063
2025-07-10,7.051700115203857,6.0288,1437.3611
2025-07-11,7.024400234222412,6.0465,1440.6112
2025-07-14,7.0696001052856445,6.0204,1451.7187
2025-07-15,7.047399997711182,6.0256,1443.6366
2025-07-16,7.054599761962891,6.0222,1442.0337
2025-07-17,6.985199928283691,6.0689,1433.3222
2025-07-18,7.05019998550415,6.0056,1442.1925
2025-07-21,7.086299896240234,5.9964,1471.3203
2025-07-22,7.080900192260742,5.997,1498.6193
2025-07-23,7.146200180053711,5.9382,1509.5966
2025-07-24,7.1697998046875,5.9004,1526.8297
2025-07-25,7.1006999015808105,5.9553,1521.3472
2025-07-28,7.082900047302246,5.9612,1504.7174
2025-07-29,7.054900169372559,5.9974,1500.3133
2025-07-30,7.088600158691406,5.9785,1501.2945
2025-07-31,6.992099761962891,6.0665,1472.7213
2025-08-01,6.90910005569458,6.1393,1456.9034
2025-08-04,6.959199905395508,6.1197,1465.7235
2025-08-05,7.036799907684326,6.066,1481.3219
2025-08-06,7.010000228881836,6.0875,1486.8156
2025-08-07,7.07420015335083,6.0316,1502.3848
2025-08-08,7.065000057220459,6.0362,1503.6165
2025-08-11,7.047200202941895,6.046,1498.8284
2025-08-12,7.118400096893311,5.997,1522.0136
2025-08-13,7.168900012969971,5.9509,1523.9825
2025-08-14,7.127799987792969,5.9715,1511.1581
2025-08-15,7.004300117492676,6.044,1500.8584
2025-08-18,6.935299873352051,6.0878,1489.3447
2025-08-19,6.934800148010254,6.0958,1489.757
2025-08-20,6.96589994430542,6.0687,1487.5368
2025-08-21,7.027500152587891,6.0389,1495.2067
2025-08-22,7.021399974822998,6.0328,1491.2821
2025-08-25,7.029300212860107,6.0204,1499.836
